,EPOCH,Open,High,Low,Close,Volume,Timestamp,Date,Year,Month,Day,Hour,Minute,Second,WeekDay,YearDay
0,1554076800000,168.53,169.61,166.99,168.6,84906.7037097056,2019-04-01 00:00:00+00:00,2019-04-01,2019,4,1,0,0,0,0,91
1,1554080400000,169.42,169.8,168.23,168.23,20449.34473533482,2019-04-01 01:00:00+00:00,2019-04-01,2019,4,1,1,0,0,0,91
2,1554084000000,168.24,169.5,168.24,168.69,16796.28672233865,2019-04-01 02:00:00+00:00,2019-04-01,2019,4,1,2,0,0,0,91
3,1554087600000,168.98,169.38,168.8,168.89,26144.32594257305,2019-04-01 03:00:00+00:00,2019-04-01,2019,4,1,3,0,0,0,91
4,1554091200000,168.89,168.99,168.23,168.33,55306.58976439685,2019-04-01 04:00:00+00:00,2019-04-01,2019,4,1,4,0,0,0,91
5,1554094800000,168.5,168.7,168.33,168.5,28338.38722648415,2019-04-01 05:00:00+00:00,2019-04-01,2019,4,1,5,0,0,0,91
6,1554098400000,168.43,169.02,168.33,168.7,38655.77151662775,2019-04-01 06:00:00+00:00,2019-04-01,2019,4,1,6,0,0,0,91
7,1554102000000,168.85,169.0,167.85,168.0,40864.205548349,2019-04-01 07:00:00+00:00,2019-04-01,2019,4,1,7,0,0,0,91
8,1554105600000,168.0,169.02,167.68,169.02,5650.92982406565,2019-04-01 08:00:00+00:00,2019-04-01,2019,4,1,8,0,0,0,91
9,1554109200000,168.08,168.32,167.72,167.72,21035.8621267994,2019-04-01 09:00:00+00:00,2019-04-01,2019,4,1,9,0,0,0,91
10,1554112800000,167.72,167.83,167.44,167.44,21672.6500452792,2019-04-01 10:00:00+00:00,2019-04-01,2019,4,1,10,0,0,0,91
11,1554116400000,167.44,167.81,167.2,167.2,31483.00528474898,2019-04-01 11:00:00+00:00,2019-04-01,2019,4,1,11,0,0,0,91
12,1554120000000,167.2,169.01,167.2,168.3,8161.86432570556,2019-04-01 12:00:00+00:00,2019-04-01,2019,4,1,12,0,0,0,91
13,1554123600000,167.94,168.13,167.66,168.13,22619.7620511286,2019-04-01 13:00:00+00:00,2019-04-01,2019,4,1,13,0,0,0,91
14,1554127200000,167.9,168.39,167.51,167.51,36449.43436996092,2019-04-01 14:00:00+00:00,2019-04-01,2019,4,1,14,0,0,0,91
15,1554130800000,167.51,167.8,166.85,167.05,80371.45262787765,2019-04-01 15:00:00+00:00,2019-04-01,2019,4,1,15,0,0,0,91
16,1554134400000,167.05,168.16,167.05,167.66,13601.745710172,2019-04-01 16:00:00+00:00,2019-04-01,2019,4,1,16,0,0,0,91
17,1554138000000,167.66,167.8,167.35,167.78,3471.9059365965,2019-04-01 17:00:00+00:00,2019-04-01,2019,4,1,17,0,0,0,91
18,1554141600000,167.5,167.5,167.1,167.1,6602.4272300565,2019-04-01 18:00:00+00:00,2019-04-01,2019,4,1,18,0,0,0,91
19,1554145200000,167.1,167.45,167.1,167.29,2409.51568046125,2019-04-01 19:00:00+00:00,2019-04-01,2019,4,1,19,0,0,0,91
20,1554148800000,167.3,167.32,167.1,167.32,3410.9198622475,2019-04-01 20:00:00+00:00,2019-04-01,2019,4,1,20,0,0,0,91
21,1554152400000,167.1,167.64,167.1,167.26,6902.4731305716,2019-04-01 21:00:00+00:00,2019-04-01,2019,4,1,21,0,0,0,91
22,1554156000000,167.36,167.81,167.36,167.53,2322.2884092394,2019-04-01 22:00:00+00:00,2019-04-01,2019,4,1,22,0,0,0,91
23,1554159600000,167.59,168.0,167.51,167.51,14350.7939987237,2019-04-01 23:00:00+00:00,2019-04-01,2019,4,1,23,0,0,0,91
24,1554163200000,167.51,167.95,167.4,167.95,39254.0099405443,2019-04-02 00:00:00+00:00,2019-04-02,2019,4,2,0,0,0,1,92
25,1554166800000,167.41,167.91,167.36,167.63,30778.523347108072,2019-04-02 01:00:00+00:00,2019-04-02,2019,4,2,1,0,0,1,92
26,1554170400000,167.46,169.88,167.4,169.8,133497.57107914105,2019-04-02 02:00:00+00:00,2019-04-02,2019,4,2,2,0,0,1,92
27,1554174000000,169.35,169.42,168.02,168.33,21331.36551041339,2019-04-02 03:00:00+00:00,2019-04-02,2019,4,2,3,0,0,1,92
28,1554177600000,168.4,180.0,168.05,177.94,581739.9235756405,2019-04-02 04:00:00+00:00,2019-04-02,2019,4,2,4,0,0,1,92
29,1554181200000,177.2,183.95,175.36,177.89,551730.4975745264,2019-04-02 05:00:00+00:00,2019-04-02,2019,4,2,5,0,0,1,92
30,1554184800000,177.76,180.63,176.05,180.0,217823.81783559496,2019-04-02 06:00:00+00:00,2019-04-02,2019,4,2,6,0,0,1,92
31,1554188400000,180.0,181.99,180.0,180.7,55289.23712722715,2019-04-02 07:00:00+00:00,2019-04-02,2019,4,2,7,0,0,1,92
32,1554192000000,180.7,181.4,180.15,180.15,123773.4190120786,2019-04-02 08:00:00+00:00,2019-04-02,2019,4,2,8,0,0,1,92
33,1554195600000,180.43,181.82,179.31,181.4,62653.24223626865,2019-04-02 09:00:00+00:00,2019-04-02,2019,4,2,9,0,0,1,92
34,1554199200000,181.66,182.05,180.76,181.68,69981.65520639275,2019-04-02 10:00:00+00:00,2019-04-02,2019,4,2,10,0,0,1,92
35,1554202800000,181.69,184.38,181.69,183.29,58787.2153339827,2019-04-02 11:00:00+00:00,2019-04-02,2019,4,2,11,0,0,1,92
36,1554206400000,183.03,196.0,182.82,194.32,335094.24902849185,2019-04-02 12:00:00+00:00,2019-04-02,2019,4,2,12,0,0,1,92
37,1554210000000,194.31,209.02,192.31,206.16,703731.775243445,2019-04-02 13:00:00+00:00,2019-04-02,2019,4,2,13,0,0,1,92
38,1554213600000,206.17,206.17,197.0,199.5,476801.52926656685,2019-04-02 14:00:00+00:00,2019-04-02,2019,4,2,14,0,0,1,92
39,1554217200000,200.17,204.84,199.6,202.0,164790.67983622875,2019-04-02 15:00:00+00:00,2019-04-02,2019,4,2,15,0,0,1,92
40,1554220800000,202.28,218.82,199.22,214.7,630028.4778903003,2019-04-02 16:00:00+00:00,2019-04-02,2019,4,2,16,0,0,1,92
41,1554224400000,214.54,214.54,210.89,212.4,112731.17509002506,2019-04-02 17:00:00+00:00,2019-04-02,2019,4,2,17,0,0,1,92
42,1554228000000,212.44,215.57,211.72,213.0,209225.78038537502,2019-04-02 18:00:00+00:00,2019-04-02,2019,4,2,18,0,0,1,92
43,1554231600000,213.2,217.06,212.96,216.54,61231.2578251005,2019-04-02 19:00:00+00:00,2019-04-02,2019,4,2,19,0,0,1,92
44,1554235200000,215.99,218.68,214.77,217.6,67673.39520039677,2019-04-02 20:00:00+00:00,2019-04-02,2019,4,2,20,0,0,1,92
45,1554238800000,217.44,228.66,217.0,219.51,337319.8204765689,2019-04-02 21:00:00+00:00,2019-04-02,2019,4,2,21,0,0,1,92
46,1554242400000,219.51,229.27,219.16,227.48,480818.1503572304,2019-04-02 22:00:00+00:00,2019-04-02,2019,4,2,22,0,0,1,92
47,1554246000000,228.65,247.11,225.0,240.69,918519.9920240187,2019-04-02 23:00:00+00:00,2019-04-02,2019,4,2,23,0,0,1,92
48,1554249600000,240.7,292.0,240.7,267.24,2980967.384526479,2019-04-03 00:00:00+00:00,2019-04-03,2019,4,3,0,0,0,2,93
49,1554253200000,266.01,270.0,256.0,264.0,1275858.8730002663,2019-04-03 01:00:00+00:00,2019-04-03,2019,4,3,1,0,0,2,93
50,1554256800000,264.0,278.0,263.5,270.02,1457674.0884600382,2019-04-03 02:00:00+00:00,2019-04-03,2019,4,3,2,0,0,2,93
51,1554260400000,270.02,270.75,256.0,261.1,915895.9558988868,2019-04-03 03:00:00+00:00,2019-04-03,2019,4,3,3,0,0,2,93
52,1554264000000,261.11,261.11,242.68,247.42,1336257.0098962185,2019-04-03 04:00:00+00:00,2019-04-03,2019,4,3,4,0,0,2,93
53,1554267600000,248.67,260.96,248.67,255.89,620487.7763489898,2019-04-03 05:00:00+00:00,2019-04-03,2019,4,3,5,0,0,2,93
54,1554271200000,255.02,259.0,252.0,255.6,331692.173574792,2019-04-03 06:00:00+00:00,2019-04-03,2019,4,3,6,0,0,2,93
55,1554274800000,255.6,261.95,254.4,256.04,425243.77754479647,2019-04-03 07:00:00+00:00,2019-04-03,2019,4,3,7,0,0,2,93
56,1554278400000,256.39,257.52,250.08,254.41,414863.3701752259,2019-04-03 08:00:00+00:00,2019-04-03,2019,4,3,8,0,0,2,93
57,1554282000000,254.41,265.9,249.28,261.94,501562.00080100325,2019-04-03 09:00:00+00:00,2019-04-03,2019,4,3,9,0,0,2,93
58,1554285600000,261.75,265.0,256.4,257.95,282295.1897732724,2019-04-03 10:00:00+00:00,2019-04-03,2019,4,3,10,0,0,2,93
59,1554289200000,258.0,272.94,258.0,267.12,1043365.5935733484,2019-04-03 11:00:00+00:00,2019-04-03,2019,4,3,11,0,0,2,93
60,1554292800000,268.12,291.91,267.75,284.37,2400196.69465863,2019-04-03 12:00:00+00:00,2019-04-03,2019,4,3,12,0,0,2,93
61,1554296400000,284.37,291.5,281.56,283.68,1315972.2228373536,2019-04-03 13:00:00+00:00,2019-04-03,2019,4,3,13,0,0,2,93
62,1554300000000,283.61,283.67,272.05,275.36,930834.2085143907,2019-04-03 14:00:00+00:00,2019-04-03,2019,4,3,14,0,0,2,93
63,1554303600000,275.35,285.0,275.03,284.77,520654.07641570084,2019-04-03 15:00:00+00:00,2019-04-03,2019,4,3,15,0,0,2,93
64,1554307200000,284.64,334.44,283.83,334.44,3691537.060016159,2019-04-03 16:00:00+00:00,2019-04-03,2019,4,3,16,0,0,2,93
65,1554310800000,331.98,345.0,315.0,322.24,3040855.0552970585,2019-04-03 17:00:00+00:00,2019-04-03,2019,4,3,17,0,0,2,93
66,1554314400000,322.08,327.2,319.0,323.52,625123.2619870369,2019-04-03 18:00:00+00:00,2019-04-03,2019,4,3,18,0,0,2,93
67,1554318000000,323.95,338.23,323.02,333.75,950193.451912913,2019-04-03 19:00:00+00:00,2019-04-03,2019,4,3,19,0,0,2,93
68,1554321600000,333.2,342.0,331.45,339.63,738332.4164297315,2019-04-03 20:00:00+00:00,2019-04-03,2019,4,3,20,0,0,2,93
69,1554325200000,339.65,346.4,316.17,316.17,828476.9205442008,2019-04-03 21:00:00+00:00,2019-04-03,2019,4,3,21,0,0,2,93
70,1554328800000,316.17,325.0,282.13,294.41,1760651.4306123522,2019-04-03 22:00:00+00:00,2019-04-03,2019,4,3,22,0,0,2,93
71,1554332400000,294.41,308.42,270.32,300.87,3038922.3332801424,2019-04-03 23:00:00+00:00,2019-04-03,2019,4,3,23,0,0,2,93
72,1554336000000,299.0,308.82,287.68,308.82,1190959.7233226618,2019-04-04 00:00:00+00:00,2019-04-04,2019,4,4,0,0,0,3,94
73,1554339600000,309.81,319.12,301.19,302.05,1698255.6893692524,2019-04-04 01:00:00+00:00,2019-04-04,2019,4,4,1,0,0,3,94
74,1554343200000,302.05,310.0,301.1,305.21,726263.8435554465,2019-04-04 02:00:00+00:00,2019-04-04,2019,4,4,2,0,0,3,94
75,1554346800000,305.21,305.49,288.75,298.73,1092347.3080391667,2019-04-04 03:00:00+00:00,2019-04-04,2019,4,4,3,0,0,3,94
76,1554350400000,298.73,308.49,295.65,305.13,1017065.7258998073,2019-04-04 04:00:00+00:00,2019-04-04,2019,4,4,4,0,0,3,94
77,1554354000000,306.17,315.5,306.17,306.81,1145210.500464415,2019-04-04 05:00:00+00:00,2019-04-04,2019,4,4,5,0,0,3,94
78,1554357600000,307.61,314.7,305.0,307.95,589805.024472396,2019-04-04 06:00:00+00:00,2019-04-04,2019,4,4,6,0,0,3,94
79,1554361200000,307.95,309.45,300.0,304.16,728685.3397911312,2019-04-04 07:00:00+00:00,2019-04-04,2019,4,4,7,0,0,3,94
80,1554364800000,304.69,310.0,302.01,303.52,390198.50204716786,2019-04-04 08:00:00+00:00,2019-04-04,2019,4,4,8,0,0,3,94
81,1554368400000,303.08,306.0,297.06,300.6,492324.7583198858,2019-04-04 09:00:00+00:00,2019-04-04,2019,4,4,9,0,0,3,94
82,1554372000000,302.0,302.0,290.97,291.16,434315.2740100316,2019-04-04 10:00:00+00:00,2019-04-04,2019,4,4,10,0,0,3,94
83,1554375600000,291.81,306.86,290.0,305.0,735939.3369638806,2019-04-04 11:00:00+00:00,2019-04-04,2019,4,4,11,0,0,3,94
84,1554379200000,305.0,305.88,298.26,302.48,451643.4357867584,2019-04-04 12:00:00+00:00,2019-04-04,2019,4,4,12,0,0,3,94
85,1554382800000,302.4,302.4,296.0,299.0,253074.44625321234,2019-04-04 13:00:00+00:00,2019-04-04,2019,4,4,13,0,0,3,94
86,1554386400000,299.16,302.0,296.32,296.81,493802.7483079528,2019-04-04 14:00:00+00:00,2019-04-04,2019,4,4,14,0,0,3,94
87,1554390000000,296.99,298.38,289.0,298.0,446881.7293421015,2019-04-04 15:00:00+00:00,2019-04-04,2019,4,4,15,0,0,3,94
88,1554393600000,297.58,297.58,275.0,277.35,1210892.690350291,2019-04-04 16:00:00+00:00,2019-04-04,2019,4,4,16,0,0,3,94
89,1554397200000,277.35,284.6,274.26,276.2,551912.7220346128,2019-04-04 17:00:00+00:00,2019-04-04,2019,4,4,17,0,0,3,94
90,1554400800000,276.21,280.27,272.0,277.1,403642.82212429895,2019-04-04 18:00:00+00:00,2019-04-04,2019,4,4,18,0,0,3,94
91,1554404400000,276.65,279.81,273.32,275.51,164269.0821654477,2019-04-04 19:00:00+00:00,2019-04-04,2019,4,4,19,0,0,3,94
92,1554408000000,276.41,284.68,272.95,283.75,309885.5540399753,2019-04-04 20:00:00+00:00,2019-04-04,2019,4,4,20,0,0,3,94
93,1554411600000,283.92,293.97,280.9,290.66,312743.34843189706,2019-04-04 21:00:00+00:00,2019-04-04,2019,4,4,21,0,0,3,94
94,1554415200000,291.43,295.0,285.0,285.0,222099.20916412844,2019-04-04 22:00:00+00:00,2019-04-04,2019,4,4,22,0,0,3,94
95,1554418800000,284.7,290.13,284.5,285.6,233165.7458659628,2019-04-04 23:00:00+00:00,2019-04-04,2019,4,4,23,0,0,3,94
96,1554422400000,285.7,293.7,285.7,289.6,364394.97259345057,2019-04-05 00:00:00+00:00,2019-04-05,2019,4,5,0,0,0,4,95
97,1554426000000,289.6,290.2,285.29,286.24,186953.370294269,2019-04-05 01:00:00+00:00,2019-04-05,2019,4,5,1,0,0,4,95
98,1554429600000,286.21,288.08,282.37,285.0,161194.25198547676,2019-04-05 02:00:00+00:00,2019-04-05,2019,4,5,2,0,0,4,95
99,1554433200000,285.0,286.73,280.0,282.9,216754.5062130625,2019-04-05 03:00:00+00:00,2019-04-05,2019,4,5,3,0,0,4,95
100,1554436800000,282.27,293.08,280.03,289.09,476712.2230208499,2019-04-05 04:00:00+00:00,2019-04-05,2019,4,5,4,0,0,4,95
101,1554440400000,289.74,292.64,285.29,289.23,460459.4326298816,2019-04-05 05:00:00+00:00,2019-04-05,2019,4,5,5,0,0,4,95
102,1554444000000,289.23,289.78,285.86,285.86,203786.75751630962,2019-04-05 06:00:00+00:00,2019-04-05,2019,4,5,6,0,0,4,95
103,1554447600000,285.82,286.6,283.0,284.0,237808.57092777765,2019-04-05 07:00:00+00:00,2019-04-05,2019,4,5,7,0,0,4,95
104,1554451200000,284.0,289.95,283.6,287.86,131691.38003617316,2019-04-05 08:00:00+00:00,2019-04-05,2019,4,5,8,0,0,4,95
105,1554454800000,286.72,287.63,285.0,285.52,133783.2479989699,2019-04-05 09:00:00+00:00,2019-04-05,2019,4,5,9,0,0,4,95
106,1554458400000,285.71,288.0,284.78,286.75,98539.4489346465,2019-04-05 10:00:00+00:00,2019-04-05,2019,4,5,10,0,0,4,95
107,1554462000000,286.6,294.85,285.53,291.21,609755.001926531,2019-04-05 11:00:00+00:00,2019-04-05,2019,4,5,11,0,0,4,95
108,1554465600000,291.55,298.0,289.7,295.3,676153.3981432029,2019-04-05 12:00:00+00:00,2019-04-05,2019,4,5,12,0,0,4,95
109,1554469200000,295.3,299.44,291.0,291.36,502327.92151882214,2019-04-05 13:00:00+00:00,2019-04-05,2019,4,5,13,0,0,4,95
110,1554472800000,291.35,292.61,284.0,285.37,413227.60717222135,2019-04-05 14:00:00+00:00,2019-04-05,2019,4,5,14,0,0,4,95
111,1554476400000,285.36,287.58,284.0,286.46,146925.19055100164,2019-04-05 15:00:00+00:00,2019-04-05,2019,4,5,15,0,0,4,95
112,1554480000000,286.25,294.12,285.55,290.0,522823.6849231103,2019-04-05 16:00:00+00:00,2019-04-05,2019,4,5,16,0,0,4,95
113,1554483600000,290.85,292.74,288.9,291.0,88528.66102462643,2019-04-05 17:00:00+00:00,2019-04-05,2019,4,5,17,0,0,4,95
114,1554487200000,291.53,293.4,288.09,289.12,38126.6776213051,2019-04-05 18:00:00+00:00,2019-04-05,2019,4,5,18,0,0,4,95
115,1554490800000,289.44,292.5,288.82,290.88,7827.50669466261,2019-04-05 19:00:00+00:00,2019-04-05,2019,4,5,19,0,0,4,95
116,1554494400000,291.18,293.0,290.0,291.38,71451.77232014513,2019-04-05 20:00:00+00:00,2019-04-05,2019,4,5,20,0,0,4,95
117,1554498000000,291.32,292.08,291.02,291.69,14893.835100366,2019-04-05 21:00:00+00:00,2019-04-05,2019,4,5,21,0,0,4,95
118,1554501600000,291.52,295.29,291.5,294.02,145299.1759583547,2019-04-05 22:00:00+00:00,2019-04-05,2019,4,5,22,0,0,4,95
119,1554505200000,294.02,294.55,290.0,292.07,112746.31448531295,2019-04-05 23:00:00+00:00,2019-04-05,2019,4,5,23,0,0,4,95
120,1554508800000,291.68,291.72,288.0,289.85,150136.02010944096,2019-04-06 00:00:00+00:00,2019-04-06,2019,4,6,0,0,0,5,96
121,1554512400000,289.33,290.8,288.0,288.53,101865.69027487925,2019-04-06 01:00:00+00:00,2019-04-06,2019,4,6,1,0,0,5,96
122,1554516000000,288.96,289.21,286.0,288.16,195206.23187218074,2019-04-06 02:00:00+00:00,2019-04-06,2019,4,6,2,0,0,5,96
123,1554519600000,288.37,290.0,287.15,288.23,46974.60282781195,2019-04-06 03:00:00+00:00,2019-04-06,2019,4,6,3,0,0,5,96
124,1554523200000,288.23,290.36,287.18,290.36,127548.16259101246,2019-04-06 04:00:00+00:00,2019-04-06,2019,4,6,4,0,0,5,96
125,1554526800000,289.42,291.6,289.26,289.46,141813.81440680308,2019-04-06 05:00:00+00:00,2019-04-06,2019,4,6,5,0,0,5,96
126,1554530400000,289.37,289.91,287.63,288.45,60649.15348540857,2019-04-06 06:00:00+00:00,2019-04-06,2019,4,6,6,0,0,5,96
127,1554534000000,289.26,289.26,287.06,287.06,87017.12561503855,2019-04-06 07:00:00+00:00,2019-04-06,2019,4,6,7,0,0,5,96
128,1554537600000,287.06,287.06,284.11,285.43,188805.8230281028,2019-04-06 08:00:00+00:00,2019-04-06,2019,4,6,8,0,0,5,96
129,1554541200000,286.26,288.22,285.03,285.56,54994.7163392172,2019-04-06 09:00:00+00:00,2019-04-06,2019,4,6,9,0,0,5,96
130,1554544800000,285.56,287.81,285.0,286.11,142144.15433135786,2019-04-06 10:00:00+00:00,2019-04-06,2019,4,6,10,0,0,5,96
131,1554548400000,286.11,287.06,284.5,286.76,30840.44342101085,2019-04-06 11:00:00+00:00,2019-04-06,2019,4,6,11,0,0,5,96
132,1554552000000,286.27,288.97,285.87,287.87,134515.41206011985,2019-04-06 12:00:00+00:00,2019-04-06,2019,4,6,12,0,0,5,96
133,1554555600000,288.08,289.9,286.77,286.92,120718.48559402754,2019-04-06 13:00:00+00:00,2019-04-06,2019,4,6,13,0,0,5,96
134,1554559200000,286.36,292.3,285.84,292.3,159276.2284708684,2019-04-06 14:00:00+00:00,2019-04-06,2019,4,6,14,0,0,5,96
135,1554562800000,292.4,297.88,288.43,297.59,734076.5628881239,2019-04-06 15:00:00+00:00,2019-04-06,2019,4,6,15,0,0,5,96
136,1554566400000,297.6,328.52,297.6,321.19,3645319.404232393,2019-04-06 16:00:00+00:00,2019-04-06,2019,4,6,16,0,0,5,96
137,1554570000000,321.39,323.02,313.0,318.75,1126260.0813988473,2019-04-06 17:00:00+00:00,2019-04-06,2019,4,6,17,0,0,5,96
138,1554573600000,317.66,325.0,317.3,321.43,419719.732604825,2019-04-06 18:00:00+00:00,2019-04-06,2019,4,6,18,0,0,5,96
139,1554577200000,319.82,322.33,316.0,316.95,121275.58849261035,2019-04-06 19:00:00+00:00,2019-04-06,2019,4,6,19,0,0,5,96
140,1554580800000,316.63,319.42,306.67,307.99,232638.257263415,2019-04-06 20:00:00+00:00,2019-04-06,2019,4,6,20,0,0,5,96
141,1554584400000,308.0,308.78,291.0,303.67,506401.8915359123,2019-04-06 21:00:00+00:00,2019-04-06,2019,4,6,21,0,0,5,96
142,1554588000000,304.69,307.32,301.47,302.0,234698.13097348297,2019-04-06 22:00:00+00:00,2019-04-06,2019,4,6,22,0,0,5,96
143,1554591600000,302.09,308.43,302.0,305.35,402116.1058488908,2019-04-06 23:00:00+00:00,2019-04-06,2019,4,6,23,0,0,5,96
144,1554595200000,305.43,306.71,299.53,301.19,534556.4307333381,2019-04-07 00:00:00+00:00,2019-04-07,2019,4,7,0,0,0,6,97
145,1554598800000,302.0,304.08,299.5,299.64,323321.8336231391,2019-04-07 01:00:00+00:00,2019-04-07,2019,4,7,1,0,0,6,97
146,1554602400000,299.64,314.0,298.97,312.24,397566.8387649455,2019-04-07 02:00:00+00:00,2019-04-07,2019,4,7,2,0,0,6,97
147,1554606000000,312.0,315.77,307.25,308.42,499699.22265050875,2019-04-07 03:00:00+00:00,2019-04-07,2019,4,7,3,0,0,6,97
148,1554609600000,308.46,314.41,308.42,310.73,332505.5608005702,2019-04-07 04:00:00+00:00,2019-04-07,2019,4,7,4,0,0,6,97
149,1554613200000,310.36,313.2,307.2,308.0,331889.4313524784,2019-04-07 05:00:00+00:00,2019-04-07,2019,4,7,5,0,0,6,97
150,1554616800000,308.0,310.41,305.02,309.0,486427.1571298789,2019-04-07 06:00:00+00:00,2019-04-07,2019,4,7,6,0,0,6,97
151,1554620400000,309.0,312.45,307.49,308.58,312706.21053144115,2019-04-07 07:00:00+00:00,2019-04-07,2019,4,7,7,0,0,6,97
152,1554624000000,309.0,313.5,307.75,312.5,382666.86286471563,2019-04-07 08:00:00+00:00,2019-04-07,2019,4,7,8,0,0,6,97
153,1554627600000,313.08,315.36,311.31,311.31,324782.5800522121,2019-04-07 09:00:00+00:00,2019-04-07,2019,4,7,9,0,0,6,97
154,1554631200000,311.92,324.96,311.63,316.91,1000946.2906995069,2019-04-07 10:00:00+00:00,2019-04-07,2019,4,7,10,0,0,6,97
155,1554634800000,316.91,322.0,316.17,318.79,284297.9842456807,2019-04-07 11:00:00+00:00,2019-04-07,2019,4,7,11,0,0,6,97
156,1554638400000,318.79,325.97,318.79,321.84,493722.51036580146,2019-04-07 12:00:00+00:00,2019-04-07,2019,4,7,12,0,0,6,97
157,1554642000000,323.09,323.82,317.6,323.38,268375.1083160352,2019-04-07 13:00:00+00:00,2019-04-07,2019,4,7,13,0,0,6,97
158,1554645600000,323.99,325.73,319.09,319.7,512707.75696498994,2019-04-07 14:00:00+00:00,2019-04-07,2019,4,7,14,0,0,6,97
159,1554649200000,319.8,320.0,310.0,314.5,776414.6538624807,2019-04-07 15:00:00+00:00,2019-04-07,2019,4,7,15,0,0,6,97
160,1554652800000,314.41,316.64,305.0,315.34,745770.027965973,2019-04-07 16:00:00+00:00,2019-04-07,2019,4,7,16,0,0,6,97
161,1554656400000,316.13,321.2,314.4,319.0,157489.486837514,2019-04-07 17:00:00+00:00,2019-04-07,2019,4,7,17,0,0,6,97
162,1554660000000,317.5,320.5,316.77,318.23,27885.64731236035,2019-04-07 18:00:00+00:00,2019-04-07,2019,4,7,18,0,0,6,97
163,1554663600000,316.76,319.53,316.51,316.76,22098.167623221805,2019-04-07 19:00:00+00:00,2019-04-07,2019,4,7,19,0,0,6,97
164,1554667200000,316.91,320.51,316.91,318.0,62470.75158274235,2019-04-07 20:00:00+00:00,2019-04-07,2019,4,7,20,0,0,6,97
165,1554670800000,318.1,319.4,317.0,317.01,84047.90397493336,2019-04-07 21:00:00+00:00,2019-04-07,2019,4,7,21,0,0,6,97
166,1554674400000,317.01,325.78,316.76,319.0,462483.8204106625,2019-04-07 22:00:00+00:00,2019-04-07,2019,4,7,22,0,0,6,97
167,1554678000000,320.5,322.5,316.3,319.09,357004.6840023871,2019-04-07 23:00:00+00:00,2019-04-07,2019,4,7,23,0,0,6,97
168,1554681600000,318.3,322.8,317.0,322.0,478474.94083356776,2019-04-08 00:00:00+00:00,2019-04-08,2019,4,8,0,0,0,0,98
169,1554685200000,322.0,328.23,320.49,321.88,867384.1179180812,2019-04-08 01:00:00+00:00,2019-04-08,2019,4,8,1,0,0,0,98
170,1554688800000,321.88,324.4,314.71,317.0,467113.71442437347,2019-04-08 02:00:00+00:00,2019-04-08,2019,4,8,2,0,0,0,98
171,1554692400000,317.58,317.83,305.86,306.0,632526.1482045031,2019-04-08 03:00:00+00:00,2019-04-08,2019,4,8,3,0,0,0,98
172,1554696000000,307.36,317.6,305.91,316.29,652591.1666697095,2019-04-08 04:00:00+00:00,2019-04-08,2019,4,8,4,0,0,0,98
173,1554699600000,316.8,316.8,310.38,312.37,240636.9540506307,2019-04-08 05:00:00+00:00,2019-04-08,2019,4,8,5,0,0,0,98
174,1554703200000,312.69,314.0,308.0,310.57,225940.60475506762,2019-04-08 06:00:00+00:00,2019-04-08,2019,4,8,6,0,0,0,98
175,1554706800000,310.7,310.7,300.59,310.0,773426.883867303,2019-04-08 07:00:00+00:00,2019-04-08,2019,4,8,7,0,0,0,98
176,1554710400000,310.0,311.0,301.0,304.68,545961.0692685512,2019-04-08 08:00:00+00:00,2019-04-08,2019,4,8,8,0,0,0,98
177,1554714000000,304.56,308.33,304.37,307.1,160152.67688492907,2019-04-08 09:00:00+00:00,2019-04-08,2019,4,8,9,0,0,0,98
178,1554717600000,307.5,308.58,293.0,294.47,817160.7867126483,2019-04-08 10:00:00+00:00,2019-04-08,2019,4,8,10,0,0,0,98
179,1554721200000,293.99,299.0,288.99,292.64,1069234.571509374,2019-04-08 11:00:00+00:00,2019-04-08,2019,4,8,11,0,0,0,98
180,1554724800000,292.0,300.0,291.96,299.8,628901.241859474,2019-04-08 12:00:00+00:00,2019-04-08,2019,4,8,12,0,0,0,98
181,1554728400000,299.92,306.5,299.69,300.0,565190.0327789619,2019-04-08 13:00:00+00:00,2019-04-08,2019,4,8,13,0,0,0,98
182,1554732000000,300.7,308.52,299.01,308.07,501465.18843294255,2019-04-08 14:00:00+00:00,2019-04-08,2019,4,8,14,0,0,0,98
183,1554735600000,308.06,310.99,305.43,306.85,418537.7964126652,2019-04-08 15:00:00+00:00,2019-04-08,2019,4,8,15,0,0,0,98
184,1554739200000,306.85,309.77,299.74,301.47,279605.9427326051,2019-04-08 16:00:00+00:00,2019-04-08,2019,4,8,16,0,0,0,98
185,1554742800000,302.13,302.87,298.0,301.88,86800.73862997042,2019-04-08 17:00:00+00:00,2019-04-08,2019,4,8,17,0,0,0,98
186,1554746400000,301.55,306.14,301.4,303.71,28154.796950558164,2019-04-08 18:00:00+00:00,2019-04-08,2019,4,8,18,0,0,0,98
187,1554750000000,302.69,306.53,300.44,305.87,30446.69231970847,2019-04-08 19:00:00+00:00,2019-04-08,2019,4,8,19,0,0,0,98
188,1554753600000,304.63,306.99,304.63,306.99,115107.53545792613,2019-04-08 20:00:00+00:00,2019-04-08,2019,4,8,20,0,0,0,98
189,1554757200000,306.66,308.95,304.56,308.32,198368.02184752055,2019-04-08 21:00:00+00:00,2019-04-08,2019,4,8,21,0,0,0,98
190,1554760800000,307.92,308.08,304.58,304.58,130649.3986143233,2019-04-08 22:00:00+00:00,2019-04-08,2019,4,8,22,0,0,0,98
191,1554764400000,304.58,309.0,302.94,307.38,147519.65417613246,2019-04-08 23:00:00+00:00,2019-04-08,2019,4,8,23,0,0,0,98
192,1554768000000,307.5,307.5,299.0,299.0,235919.7346838415,2019-04-09 00:00:00+00:00,2019-04-09,2019,4,9,0,0,0,1,99
193,1554771600000,300.0,302.33,297.97,297.97,158838.63333782234,2019-04-09 01:00:00+00:00,2019-04-09,2019,4,9,1,0,0,1,99
194,1554775200000,297.65,301.71,297.05,298.47,246701.97714595406,2019-04-09 02:00:00+00:00,2019-04-09,2019,4,9,2,0,0,1,99
195,1554778800000,298.3,299.63,292.64,294.5,475027.899587184,2019-04-09 03:00:00+00:00,2019-04-09,2019,4,9,3,0,0,1,99
196,1554782400000,295.0,297.41,293.43,293.99,253980.70415408476,2019-04-09 04:00:00+00:00,2019-04-09,2019,4,9,4,0,0,1,99
197,1554786000000,293.95,298.91,289.0,296.9,388892.2968485675,2019-04-09 05:00:00+00:00,2019-04-09,2019,4,9,5,0,0,1,99
198,1554789600000,296.8,300.0,294.25,295.58,220330.61520170068,2019-04-09 06:00:00+00:00,2019-04-09,2019,4,9,6,0,0,1,99
199,1554793200000,296.38,297.99,292.52,293.64,141255.34821483985,2019-04-09 07:00:00+00:00,2019-04-09,2019,4,9,7,0,0,1,99
200,1554796800000,293.3,296.91,291.25,295.36,334185.8341277864,2019-04-09 08:00:00+00:00,2019-04-09,2019,4,9,8,0,0,1,99
201,1554800400000,295.36,296.15,292.64,293.85,214718.2046457964,2019-04-09 09:00:00+00:00,2019-04-09,2019,4,9,9,0,0,1,99
202,1554804000000,293.58,299.26,291.2,297.02,445562.74515471846,2019-04-09 10:00:00+00:00,2019-04-09,2019,4,9,10,0,0,1,99
203,1554807600000,297.93,299.4,296.16,297.85,275598.4224365083,2019-04-09 11:00:00+00:00,2019-04-09,2019,4,9,11,0,0,1,99
204,1554811200000,298.58,302.2,297.62,298.0,297852.0634554048,2019-04-09 12:00:00+00:00,2019-04-09,2019,4,9,12,0,0,1,99
205,1554814800000,298.0,301.18,297.62,298.5,267229.934616458,2019-04-09 13:00:00+00:00,2019-04-09,2019,4,9,13,0,0,1,99
206,1554818400000,298.5,299.4,293.35,294.25,229446.3978084175,2019-04-09 14:00:00+00:00,2019-04-09,2019,4,9,14,0,0,1,99
207,1554822000000,294.26,297.46,294.26,294.4,68524.99626139805,2019-04-09 15:00:00+00:00,2019-04-09,2019,4,9,15,0,0,1,99
208,1554825600000,294.52,298.9,294.52,297.04,164584.2176618776,2019-04-09 16:00:00+00:00,2019-04-09,2019,4,9,16,0,0,1,99
209,1554829200000,297.85,298.19,295.59,297.06,20317.5724222786,2019-04-09 17:00:00+00:00,2019-04-09,2019,4,9,17,0,0,1,99
210,1554832800000,296.63,296.96,294.4,294.91,5761.644403683,2019-04-09 18:00:00+00:00,2019-04-09,2019,4,9,18,0,0,1,99
211,1554836400000,295.95,296.4,294.25,295.89,39080.83576586655,2019-04-09 19:00:00+00:00,2019-04-09,2019,4,9,19,0,0,1,99
212,1554840000000,296.13,298.08,294.56,297.14,15492.14414079035,2019-04-09 20:00:00+00:00,2019-04-09,2019,4,9,20,0,0,1,99
213,1554843600000,296.01,296.39,295.28,295.33,8458.1065769764,2019-04-09 21:00:00+00:00,2019-04-09,2019,4,9,21,0,0,1,99
214,1554847200000,295.64,295.84,292.68,293.08,127029.8820553316,2019-04-09 22:00:00+00:00,2019-04-09,2019,4,9,22,0,0,1,99
215,1554850800000,293.67,294.72,293.06,293.5,156166.04181240025,2019-04-09 23:00:00+00:00,2019-04-09,2019,4,9,23,0,0,1,99
216,1554854400000,293.11,298.5,293.1,297.01,170392.80296523694,2019-04-10 00:00:00+00:00,2019-04-10,2019,4,10,0,0,0,2,100
217,1554858000000,297.09,301.47,296.53,300.0,482514.6553039613,2019-04-10 01:00:00+00:00,2019-04-10,2019,4,10,1,0,0,2,100
218,1554861600000,300.0,300.67,297.98,299.34,101020.5080679109,2019-04-10 02:00:00+00:00,2019-04-10,2019,4,10,2,0,0,2,100
219,1554865200000,299.34,299.34,295.93,296.1,162538.2486369731,2019-04-10 03:00:00+00:00,2019-04-10,2019,4,10,3,0,0,2,100
220,1554868800000,296.1,300.0,295.82,298.65,176964.38614477575,2019-04-10 04:00:00+00:00,2019-04-10,2019,4,10,4,0,0,2,100
221,1554872400000,298.22,301.71,298.21,300.95,355579.68040190067,2019-04-10 05:00:00+00:00,2019-04-10,2019,4,10,5,0,0,2,100
222,1554876000000,300.95,305.99,300.25,301.0,322800.7769716173,2019-04-10 06:00:00+00:00,2019-04-10,2019,4,10,6,0,0,2,100
223,1554879600000,301.42,301.71,299.0,299.0,185277.784576531,2019-04-10 07:00:00+00:00,2019-04-10,2019,4,10,7,0,0,2,100
224,1554883200000,299.18,301.13,299.0,299.21,234881.48949231082,2019-04-10 08:00:00+00:00,2019-04-10,2019,4,10,8,0,0,2,100
225,1554886800000,299.31,300.91,298.7,299.0,67344.8559003669,2019-04-10 09:00:00+00:00,2019-04-10,2019,4,10,9,0,0,2,100
226,1554890400000,298.7,298.86,296.8,298.86,105305.42701770485,2019-04-10 10:00:00+00:00,2019-04-10,2019,4,10,10,0,0,2,100
227,1554894000000,298.57,299.68,297.06,297.16,34654.8861739027,2019-04-10 11:00:00+00:00,2019-04-10,2019,4,10,11,0,0,2,100
228,1554897600000,297.28,304.0,297.28,301.76,366292.7970528666,2019-04-10 12:00:00+00:00,2019-04-10,2019,4,10,12,0,0,2,100
229,1554901200000,301.77,302.62,298.51,299.11,213779.63443239086,2019-04-10 13:00:00+00:00,2019-04-10,2019,4,10,13,0,0,2,100
230,1554904800000,299.12,301.8,298.97,300.96,110872.92279144566,2019-04-10 14:00:00+00:00,2019-04-10,2019,4,10,14,0,0,2,100
231,1554908400000,300.5,300.5,298.59,300.0,63359.3628391101,2019-04-10 15:00:00+00:00,2019-04-10,2019,4,10,15,0,0,2,100
232,1554912000000,300.64,301.25,298.24,298.8,64090.9659459113,2019-04-10 16:00:00+00:00,2019-04-10,2019,4,10,16,0,0,2,100
233,1554915600000,298.8,302.2,298.79,301.28,21804.966988758515,2019-04-10 17:00:00+00:00,2019-04-10,2019,4,10,17,0,0,2,100
234,1554919200000,301.13,312.5,301.13,308.12,610879.9752407424,2019-04-10 18:00:00+00:00,2019-04-10,2019,4,10,18,0,0,2,100
235,1554922800000,308.12,310.0,305.89,307.01,167839.5410562974,2019-04-10 19:00:00+00:00,2019-04-10,2019,4,10,19,0,0,2,100
236,1554926400000,307.05,307.42,298.02,301.89,195709.03231849457,2019-04-10 20:00:00+00:00,2019-04-10,2019,4,10,20,0,0,2,100
237,1554930000000,300.95,302.97,299.0,300.47,82682.7890979423,2019-04-10 21:00:00+00:00,2019-04-10,2019,4,10,21,0,0,2,100
238,1554933600000,300.47,303.74,298.93,302.67,98169.0155413161,2019-04-10 22:00:00+00:00,2019-04-10,2019,4,10,22,0,0,2,100
239,1554937200000,303.04,304.86,303.01,304.2,67714.9877251928,2019-04-10 23:00:00+00:00,2019-04-10,2019,4,10,23,0,0,2,100
240,1554940800000,304.2,305.34,299.85,300.68,118636.8103954957,2019-04-11 00:00:00+00:00,2019-04-11,2019,4,11,0,0,0,3,101
241,1554944400000,300.68,302.4,299.5,300.28,119134.26409615135,2019-04-11 01:00:00+00:00,2019-04-11,2019,4,11,1,0,0,3,101
242,1554948000000,300.0,300.42,295.82,297.5,242819.61219212483,2019-04-11 02:00:00+00:00,2019-04-11,2019,4,11,2,0,0,3,101
243,1554951600000,296.56,296.56,273.0,280.01,1568948.7234081782,2019-04-11 03:00:00+00:00,2019-04-11,2019,4,11,3,0,0,3,101
244,1554955200000,280.01,285.0,277.0,282.0,787687.4618086013,2019-04-11 04:00:00+00:00,2019-04-11,2019,4,11,4,0,0,3,101
245,1554958800000,281.51,282.5,279.41,282.43,189786.87502501125,2019-04-11 05:00:00+00:00,2019-04-11,2019,4,11,5,0,0,3,101
246,1554962400000,282.33,283.96,280.66,282.93,90997.5385224342,2019-04-11 06:00:00+00:00,2019-04-11,2019,4,11,6,0,0,3,101
247,1554966000000,283.0,283.6,278.35,278.35,200535.82381023906,2019-04-11 07:00:00+00:00,2019-04-11,2019,4,11,7,0,0,3,101
248,1554969600000,278.4,280.01,275.0,280.01,356987.1356526685,2019-04-11 08:00:00+00:00,2019-04-11,2019,4,11,8,0,0,3,101
249,1554973200000,281.2,281.26,265.22,272.71,1068594.5183903456,2019-04-11 09:00:00+00:00,2019-04-11,2019,4,11,9,0,0,3,101
250,1554976800000,272.71,275.72,269.0,270.73,491241.9634348475,2019-04-11 10:00:00+00:00,2019-04-11,2019,4,11,10,0,0,3,101
251,1554980400000,271.08,271.08,253.0,260.83,1638362.5339767947,2019-04-11 11:00:00+00:00,2019-04-11,2019,4,11,11,0,0,3,101
252,1554984000000,260.83,265.0,257.0,263.73,482862.40482082486,2019-04-11 12:00:00+00:00,2019-04-11,2019,4,11,12,0,0,3,101
253,1554987600000,263.73,269.79,262.69,262.9,505482.2361179996,2019-04-11 13:00:00+00:00,2019-04-11,2019,4,11,13,0,0,3,101
254,1554991200000,262.93,273.0,262.69,270.49,342920.4659817059,2019-04-11 14:00:00+00:00,2019-04-11,2019,4,11,14,0,0,3,101
255,1554994800000,270.27,275.79,268.56,271.38,322247.171676636,2019-04-11 15:00:00+00:00,2019-04-11,2019,4,11,15,0,0,3,101
256,1554998400000,271.38,275.28,268.0,272.43,123065.83516508483,2019-04-11 16:00:00+00:00,2019-04-11,2019,4,11,16,0,0,3,101
257,1555002000000,271.57,275.0,269.93,275.0,79564.054403829,2019-04-11 17:00:00+00:00,2019-04-11,2019,4,11,17,0,0,3,101
258,1555005600000,275.0,275.39,273.68,274.77,20668.1460645075,2019-04-11 18:00:00+00:00,2019-04-11,2019,4,11,18,0,0,3,101
259,1555009200000,275.05,275.37,272.74,273.38,49987.2011702685,2019-04-11 19:00:00+00:00,2019-04-11,2019,4,11,19,0,0,3,101
260,1555012800000,273.38,273.68,267.0,267.62,82334.6316248074,2019-04-11 20:00:00+00:00,2019-04-11,2019,4,11,20,0,0,3,101
261,1555016400000,267.62,268.82,265.0,265.35,162941.12007236484,2019-04-11 21:00:00+00:00,2019-04-11,2019,4,11,21,0,0,3,101
262,1555020000000,265.0,270.36,263.0,269.35,105727.76922863515,2019-04-11 22:00:00+00:00,2019-04-11,2019,4,11,22,0,0,3,101
263,1555023600000,268.6,273.97,268.0,270.0,73715.32485378438,2019-04-11 23:00:00+00:00,2019-04-11,2019,4,11,23,0,0,3,101
264,1555027200000,269.85,271.02,266.7,269.06,121393.12006288477,2019-04-12 00:00:00+00:00,2019-04-12,2019,4,12,0,0,0,4,102
265,1555030800000,268.88,268.88,256.0,261.0,715309.9286889177,2019-04-12 01:00:00+00:00,2019-04-12,2019,4,12,1,0,0,4,102
266,1555034400000,261.6,264.2,259.5,262.77,375199.3514016771,2019-04-12 02:00:00+00:00,2019-04-12,2019,4,12,2,0,0,4,102
267,1555038000000,262.7,266.91,257.8,265.01,282827.4971695249,2019-04-12 03:00:00+00:00,2019-04-12,2019,4,12,3,0,0,4,102
268,1555041600000,265.71,269.0,263.56,265.5,266322.0993830697,2019-04-12 04:00:00+00:00,2019-04-12,2019,4,12,4,0,0,4,102
269,1555045200000,266.36,266.39,261.21,266.24,162983.5222114347,2019-04-12 05:00:00+00:00,2019-04-12,2019,4,12,5,0,0,4,102
270,1555048800000,265.98,267.63,264.0,265.1,96629.43004670553,2019-04-12 06:00:00+00:00,2019-04-12,2019,4,12,6,0,0,4,102
271,1555052400000,265.53,267.63,264.13,265.71,184983.94247115048,2019-04-12 07:00:00+00:00,2019-04-12,2019,4,12,7,0,0,4,102
272,1555056000000,266.0,267.5,260.0,264.38,382955.8520612405,2019-04-12 08:00:00+00:00,2019-04-12,2019,4,12,8,0,0,4,102
273,1555059600000,264.38,267.64,262.71,267.64,112065.08032337233,2019-04-12 09:00:00+00:00,2019-04-12,2019,4,12,9,0,0,4,102
274,1555063200000,267.64,287.0,266.5,282.81,1212019.6428107782,2019-04-12 10:00:00+00:00,2019-04-12,2019,4,12,10,0,0,4,102
275,1555066800000,282.56,287.49,278.88,282.0,496989.2256769573,2019-04-12 11:00:00+00:00,2019-04-12,2019,4,12,11,0,0,4,102
276,1555070400000,282.01,286.11,280.01,283.25,242459.5919532593,2019-04-12 12:00:00+00:00,2019-04-12,2019,4,12,12,0,0,4,102
277,1555074000000,283.97,285.05,279.03,280.49,249146.03852306376,2019-04-12 13:00:00+00:00,2019-04-12,2019,4,12,13,0,0,4,102
278,1555077600000,279.81,282.35,277.75,281.91,233424.99146028107,2019-04-12 14:00:00+00:00,2019-04-12,2019,4,12,14,0,0,4,102
279,1555081200000,281.55,281.83,278.71,278.84,102066.71942081949,2019-04-12 15:00:00+00:00,2019-04-12,2019,4,12,15,0,0,4,102
280,1555084800000,278.84,282.82,278.01,281.16,121196.07686152005,2019-04-12 16:00:00+00:00,2019-04-12,2019,4,12,16,0,0,4,102
281,1555088400000,281.16,284.7,280.14,280.58,97907.61042104485,2019-04-12 17:00:00+00:00,2019-04-12,2019,4,12,17,0,0,4,102
282,1555092000000,280.75,281.02,279.71,280.58,38273.88650982955,2019-04-12 18:00:00+00:00,2019-04-12,2019,4,12,18,0,0,4,102
283,1555095600000,280.45,280.96,280.11,280.11,11065.45589143125,2019-04-12 19:00:00+00:00,2019-04-12,2019,4,12,19,0,0,4,102
284,1555099200000,280.11,280.11,268.92,274.0,242847.05652415025,2019-04-12 20:00:00+00:00,2019-04-12,2019,4,12,20,0,0,4,102
285,1555102800000,274.1,279.98,273.44,278.46,79295.781449373,2019-04-12 21:00:00+00:00,2019-04-12,2019,4,12,21,0,0,4,102
286,1555106400000,277.72,280.59,276.67,280.55,80307.9314272722,2019-04-12 22:00:00+00:00,2019-04-12,2019,4,12,22,0,0,4,102
287,1555110000000,280.75,284.51,280.0,280.99,138232.46627396057,2019-04-12 23:00:00+00:00,2019-04-12,2019,4,12,23,0,0,4,102
288,1555113600000,281.2,283.27,279.5,281.0,160836.91674447592,2019-04-13 00:00:00+00:00,2019-04-13,2019,4,13,0,0,0,5,103
289,1555117200000,279.7,283.0,278.45,282.41,117673.15852079255,2019-04-13 01:00:00+00:00,2019-04-13,2019,4,13,1,0,0,5,103
290,1555120800000,282.7,283.51,281.66,283.51,161879.24101047067,2019-04-13 02:00:00+00:00,2019-04-13,2019,4,13,2,0,0,5,103
291,1555124400000,283.51,284.7,282.05,282.68,187172.3628477222,2019-04-13 03:00:00+00:00,2019-04-13,2019,4,13,3,0,0,5,103
292,1555128000000,281.93,282.37,280.47,281.83,82069.31687019422,2019-04-13 04:00:00+00:00,2019-04-13,2019,4,13,4,0,0,5,103
293,1555131600000,282.0,282.39,278.25,278.89,257790.1247347505,2019-04-13 05:00:00+00:00,2019-04-13,2019,4,13,5,0,0,5,103
294,1555135200000,279.07,279.6,278.25,279.0,68177.28863064465,2019-04-13 06:00:00+00:00,2019-04-13,2019,4,13,6,0,0,5,103
295,1555138800000,279.58,280.8,276.63,277.61,111741.04991934478,2019-04-13 07:00:00+00:00,2019-04-13,2019,4,13,7,0,0,5,103
296,1555142400000,277.72,278.26,273.65,276.86,311510.2645547016,2019-04-13 08:00:00+00:00,2019-04-13,2019,4,13,8,0,0,5,103
297,1555146000000,276.86,277.39,273.54,274.74,127309.0437581049,2019-04-13 09:00:00+00:00,2019-04-13,2019,4,13,9,0,0,5,103
298,1555149600000,275.31,277.38,270.29,270.77,425732.9793518786,2019-04-13 10:00:00+00:00,2019-04-13,2019,4,13,10,0,0,5,103
299,1555153200000,271.27,273.71,271.2,272.94,260856.65424184292,2019-04-13 11:00:00+00:00,2019-04-13,2019,4,13,11,0,0,5,103
300,1555156800000,272.79,274.65,271.58,273.9,154995.46985271692,2019-04-13 12:00:00+00:00,2019-04-13,2019,4,13,12,0,0,5,103
301,1555160400000,273.81,273.86,271.63,273.03,97762.5093931182,2019-04-13 13:00:00+00:00,2019-04-13,2019,4,13,13,0,0,5,103
302,1555164000000,273.16,282.0,273.14,279.35,270867.4815810008,2019-04-13 14:00:00+00:00,2019-04-13,2019,4,13,14,0,0,5,103
303,1555167600000,279.24,281.61,277.99,278.81,66604.34887832073,2019-04-13 15:00:00+00:00,2019-04-13,2019,4,13,15,0,0,5,103
304,1555171200000,278.81,279.21,275.4,276.5,91216.5515368381,2019-04-13 16:00:00+00:00,2019-04-13,2019,4,13,16,0,0,5,103
305,1555174800000,276.77,277.48,276.2,277.48,23599.25030059945,2019-04-13 17:00:00+00:00,2019-04-13,2019,4,13,17,0,0,5,103
306,1555178400000,276.85,276.85,276.2,276.2,17672.0172320767,2019-04-13 18:00:00+00:00,2019-04-13,2019,4,13,18,0,0,5,103
307,1555182000000,276.43,277.05,276.31,276.4,55649.86665127262,2019-04-13 19:00:00+00:00,2019-04-13,2019,4,13,19,0,0,5,103
308,1555185600000,276.4,276.4,274.05,274.43,123045.9750750226,2019-04-13 20:00:00+00:00,2019-04-13,2019,4,13,20,0,0,5,103
309,1555189200000,273.85,276.0,273.0,274.75,29006.81183674545,2019-04-13 21:00:00+00:00,2019-04-13,2019,4,13,21,0,0,5,103
310,1555192800000,275.24,278.67,274.17,278.0,31594.61362226225,2019-04-13 22:00:00+00:00,2019-04-13,2019,4,13,22,0,0,5,103
311,1555196400000,277.72,279.54,275.99,277.54,117536.7220625084,2019-04-13 23:00:00+00:00,2019-04-13,2019,4,13,23,0,0,5,103
312,1555200000000,277.0,279.23,277.0,277.51,28285.68098722023,2019-04-14 00:00:00+00:00,2019-04-14,2019,4,14,0,0,0,6,104
313,1555203600000,277.51,279.1,276.7,276.87,55776.06502887721,2019-04-14 01:00:00+00:00,2019-04-14,2019,4,14,1,0,0,6,104
314,1555207200000,277.03,277.63,273.5,273.8,77992.9436229944,2019-04-14 02:00:00+00:00,2019-04-14,2019,4,14,2,0,0,6,104
315,1555210800000,273.87,275.9,273.6,274.55,113404.13767372255,2019-04-14 03:00:00+00:00,2019-04-14,2019,4,14,3,0,0,6,104
316,1555214400000,274.55,275.99,273.25,274.4,94100.93968235774,2019-04-14 04:00:00+00:00,2019-04-14,2019,4,14,4,0,0,6,104
317,1555218000000,273.8,274.83,272.27,274.3,118677.6045891124,2019-04-14 05:00:00+00:00,2019-04-14,2019,4,14,5,0,0,6,104
318,1555221600000,274.79,274.84,273.0,273.2,51166.57263132815,2019-04-14 06:00:00+00:00,2019-04-14,2019,4,14,6,0,0,6,104
319,1555225200000,273.01,276.26,273.0,275.3,97012.51019752334,2019-04-14 07:00:00+00:00,2019-04-14,2019,4,14,7,0,0,6,104
320,1555228800000,275.05,276.03,273.67,274.01,47481.074557854,2019-04-14 08:00:00+00:00,2019-04-14,2019,4,14,8,0,0,6,104
321,1555232400000,274.36,278.3,274.06,278.0,45986.1496532991,2019-04-14 09:00:00+00:00,2019-04-14,2019,4,14,9,0,0,6,104
322,1555236000000,278.0,279.17,277.01,277.64,178363.4628410537,2019-04-14 10:00:00+00:00,2019-04-14,2019,4,14,10,0,0,6,104
323,1555239600000,278.09,278.97,276.95,277.35,94044.91196722015,2019-04-14 11:00:00+00:00,2019-04-14,2019,4,14,11,0,0,6,104
324,1555243200000,276.78,278.13,276.0,277.82,50783.0592835142,2019-04-14 12:00:00+00:00,2019-04-14,2019,4,14,12,0,0,6,104
325,1555246800000,277.82,282.9,277.82,279.32,338616.278343018,2019-04-14 13:00:00+00:00,2019-04-14,2019,4,14,13,0,0,6,104
326,1555250400000,278.9,280.0,277.87,280.0,138266.03085836652,2019-04-14 14:00:00+00:00,2019-04-14,2019,4,14,14,0,0,6,104
327,1555254000000,280.0,280.39,275.08,278.72,137454.5098028696,2019-04-14 15:00:00+00:00,2019-04-14,2019,4,14,15,0,0,6,104
328,1555257600000,278.99,280.41,276.51,276.51,83271.67075187445,2019-04-14 16:00:00+00:00,2019-04-14,2019,4,14,16,0,0,6,104
329,1555261200000,276.51,278.66,276.51,277.87,17985.8703546232,2019-04-14 17:00:00+00:00,2019-04-14,2019,4,14,17,0,0,6,104
330,1555264800000,278.61,280.56,278.61,280.13,17602.046295035,2019-04-14 18:00:00+00:00,2019-04-14,2019,4,14,18,0,0,6,104
331,1555268400000,280.02,280.39,278.66,278.9,3658.2997808612,2019-04-14 19:00:00+00:00,2019-04-14,2019,4,14,19,0,0,6,104
332,1555272000000,279.29,280.0,278.91,279.18,14195.9925590983,2019-04-14 20:00:00+00:00,2019-04-14,2019,4,14,20,0,0,6,104
333,1555275600000,279.85,280.85,279.55,280.85,34107.23052885125,2019-04-14 21:00:00+00:00,2019-04-14,2019,4,14,21,0,0,6,104
334,1555279200000,280.85,288.9,280.14,287.2,579603.9019186898,2019-04-14 22:00:00+00:00,2019-04-14,2019,4,14,22,0,0,6,104
335,1555282800000,287.21,288.96,285.0,287.42,184710.17491895086,2019-04-14 23:00:00+00:00,2019-04-14,2019,4,14,23,0,0,6,104
336,1555286400000,287.43,292.0,286.62,292.0,502397.22883697634,2019-04-15 00:00:00+00:00,2019-04-15,2019,4,15,0,0,0,0,105
337,1555290000000,292.0,310.18,292.0,302.69,1447071.3572799885,2019-04-15 01:00:00+00:00,2019-04-15,2019,4,15,1,0,0,0,105
338,1555293600000,303.0,305.24,298.29,301.29,382912.3889693569,2019-04-15 02:00:00+00:00,2019-04-15,2019,4,15,2,0,0,0,105
339,1555297200000,300.22,301.99,297.6,298.75,310361.05672455975,2019-04-15 03:00:00+00:00,2019-04-15,2019,4,15,3,0,0,0,105
340,1555300800000,298.7,303.0,298.7,302.46,268330.73514001246,2019-04-15 04:00:00+00:00,2019-04-15,2019,4,15,4,0,0,0,105
341,1555304400000,303.0,303.78,297.7,298.0,341376.6671839883,2019-04-15 05:00:00+00:00,2019-04-15,2019,4,15,5,0,0,0,105
342,1555308000000,297.67,300.57,297.65,299.8,113309.20057500656,2019-04-15 06:00:00+00:00,2019-04-15,2019,4,15,6,0,0,0,105
343,1555311600000,299.8,299.87,294.05,297.86,258228.71618051527,2019-04-15 07:00:00+00:00,2019-04-15,2019,4,15,7,0,0,0,105
344,1555315200000,297.87,300.73,296.5,300.73,147225.4887424312,2019-04-15 08:00:00+00:00,2019-04-15,2019,4,15,8,0,0,0,105
345,1555318800000,300.73,301.86,298.54,301.49,166437.40716233803,2019-04-15 09:00:00+00:00,2019-04-15,2019,4,15,9,0,0,0,105
346,1555322400000,301.17,301.5,294.22,296.0,208902.9550204446,2019-04-15 10:00:00+00:00,2019-04-15,2019,4,15,10,0,0,0,105
347,1555326000000,295.76,297.66,295.01,295.01,91682.9087913618,2019-04-15 11:00:00+00:00,2019-04-15,2019,4,15,11,0,0,0,105
348,1555329600000,295.32,296.85,291.2,296.84,264852.4965761754,2019-04-15 12:00:00+00:00,2019-04-15,2019,4,15,12,0,0,0,105
349,1555333200000,296.85,297.05,295.0,295.9,167206.8262479937,2019-04-15 13:00:00+00:00,2019-04-15,2019,4,15,13,0,0,0,105
350,1555336800000,295.0,324.99,294.9,313.62,3277487.312140761,2019-04-15 14:00:00+00:00,2019-04-15,2019,4,15,14,0,0,0,105
351,1555340400000,314.42,329.0,313.5,328.15,3341758.5391007476,2019-04-15 15:00:00+00:00,2019-04-15,2019,4,15,15,0,0,0,105
352,1555344000000,329.0,334.82,315.3,316.0,1920713.0973983514,2019-04-15 16:00:00+00:00,2019-04-15,2019,4,15,16,0,0,0,105
353,1555347600000,316.98,318.82,300.86,308.45,1550214.7849488924,2019-04-15 17:00:00+00:00,2019-04-15,2019,4,15,17,0,0,0,105
354,1555351200000,308.38,310.89,304.64,307.41,359958.9571777265,2019-04-15 18:00:00+00:00,2019-04-15,2019,4,15,18,0,0,0,105
355,1555354800000,307.44,309.0,302.33,302.96,310195.2102661459,2019-04-15 19:00:00+00:00,2019-04-15,2019,4,15,19,0,0,0,105
356,1555358400000,302.86,315.0,299.88,312.5,374904.9129210593,2019-04-15 20:00:00+00:00,2019-04-15,2019,4,15,20,0,0,0,105
357,1555362000000,312.5,312.56,306.0,308.6,187621.78252812912,2019-04-15 21:00:00+00:00,2019-04-15,2019,4,15,21,0,0,0,105
358,1555365600000,308.59,313.5,308.59,310.68,314728.2126130731,2019-04-15 22:00:00+00:00,2019-04-15,2019,4,15,22,0,0,0,105
359,1555369200000,311.09,317.0,310.68,312.12,421650.6750511635,2019-04-15 23:00:00+00:00,2019-04-15,2019,4,15,23,0,0,0,105
360,1555372800000,312.12,322.0,310.88,320.12,508029.31437134824,2019-04-16 00:00:00+00:00,2019-04-16,2019,4,16,0,0,0,1,106
361,1555376400000,320.12,325.0,314.55,314.55,624252.4262244959,2019-04-16 01:00:00+00:00,2019-04-16,2019,4,16,1,0,0,1,106
362,1555380000000,314.55,318.0,310.5,312.59,425640.7663622018,2019-04-16 02:00:00+00:00,2019-04-16,2019,4,16,2,0,0,1,106
363,1555383600000,312.75,315.0,308.19,308.6,358197.2416536271,2019-04-16 03:00:00+00:00,2019-04-16,2019,4,16,3,0,0,1,106
364,1555387200000,308.72,313.14,308.72,311.27,208696.93236425362,2019-04-16 04:00:00+00:00,2019-04-16,2019,4,16,4,0,0,1,106
365,1555390800000,311.01,316.74,308.97,314.1,396385.89965794224,2019-04-16 05:00:00+00:00,2019-04-16,2019,4,16,5,0,0,1,106
366,1555394400000,314.05,314.05,310.37,310.48,256515.2553308426,2019-04-16 06:00:00+00:00,2019-04-16,2019,4,16,6,0,0,1,106
367,1555398000000,310.52,316.1,310.45,315.81,163430.57115940045,2019-04-16 07:00:00+00:00,2019-04-16,2019,4,16,7,0,0,1,106
368,1555401600000,315.26,319.89,314.5,318.0,529511.3865985308,2019-04-16 08:00:00+00:00,2019-04-16,2019,4,16,8,0,0,1,106
369,1555405200000,318.05,321.75,315.97,315.97,400466.39520407707,2019-04-16 09:00:00+00:00,2019-04-16,2019,4,16,9,0,0,1,106
370,1555408800000,315.97,316.66,311.25,312.05,426482.4847842285,2019-04-16 10:00:00+00:00,2019-04-16,2019,4,16,10,0,0,1,106
371,1555412400000,312.05,315.23,310.06,313.82,330380.717915235,2019-04-16 11:00:00+00:00,2019-04-16,2019,4,16,11,0,0,1,106
372,1555416000000,313.8,317.0,311.08,312.0,246228.19507090622,2019-04-16 12:00:00+00:00,2019-04-16,2019,4,16,12,0,0,1,106
373,1555419600000,311.59,314.8,304.41,306.73,372089.9946869883,2019-04-16 13:00:00+00:00,2019-04-16,2019,4,16,13,0,0,1,106
374,1555423200000,306.76,310.12,302.12,309.76,894103.5945425093,2019-04-16 14:00:00+00:00,2019-04-16,2019,4,16,14,0,0,1,106
375,1555426800000,309.55,315.0,307.34,311.51,477816.6527644214,2019-04-16 15:00:00+00:00,2019-04-16,2019,4,16,15,0,0,1,106
376,1555430400000,311.47,313.38,308.01,308.68,231542.80684092146,2019-04-16 16:00:00+00:00,2019-04-16,2019,4,16,16,0,0,1,106
377,1555434000000,308.37,319.0,308.33,317.5,491301.85343475034,2019-04-16 17:00:00+00:00,2019-04-16,2019,4,16,17,0,0,1,106
378,1555437600000,316.08,317.1,313.34,314.0,177577.8544211559,2019-04-16 18:00:00+00:00,2019-04-16,2019,4,16,18,0,0,1,106
379,1555441200000,313.81,317.2,313.81,315.95,38507.23517498695,2019-04-16 19:00:00+00:00,2019-04-16,2019,4,16,19,0,0,1,106
380,1555444800000,314.12,317.18,314.0,316.17,26884.076946136633,2019-04-16 20:00:00+00:00,2019-04-16,2019,4,16,20,0,0,1,106
381,1555448400000,316.32,318.88,314.88,318.8,69043.55313260265,2019-04-16 21:00:00+00:00,2019-04-16,2019,4,16,21,0,0,1,106
382,1555452000000,318.78,318.8,315.4,316.23,84594.14045047495,2019-04-16 22:00:00+00:00,2019-04-16,2019,4,16,22,0,0,1,106
383,1555455600000,316.55,317.96,314.24,314.9,124560.79593419246,2019-04-16 23:00:00+00:00,2019-04-16,2019,4,16,23,0,0,1,106
384,1555459200000,314.9,319.9,314.0,314.0,458952.4320575444,2019-04-17 00:00:00+00:00,2019-04-17,2019,4,17,0,0,0,2,107
385,1555462800000,313.23,315.27,310.1,312.58,295129.61136570846,2019-04-17 01:00:00+00:00,2019-04-17,2019,4,17,1,0,0,2,107
386,1555466400000,312.5,314.35,311.59,312.65,119912.45669483795,2019-04-17 02:00:00+00:00,2019-04-17,2019,4,17,2,0,0,2,107
387,1555470000000,312.77,313.0,310.0,313.0,274001.0716480945,2019-04-17 03:00:00+00:00,2019-04-17,2019,4,17,3,0,0,2,107
388,1555473600000,312.5,313.0,310.0,312.09,212976.92964313924,2019-04-17 04:00:00+00:00,2019-04-17,2019,4,17,4,0,0,2,107
389,1555477200000,312.5,312.58,308.82,310.3,161645.60972340085,2019-04-17 05:00:00+00:00,2019-04-17,2019,4,17,5,0,0,2,107
390,1555480800000,309.7,310.66,307.0,307.06,195338.91027214262,2019-04-17 06:00:00+00:00,2019-04-17,2019,4,17,6,0,0,2,107
391,1555484400000,307.18,311.93,307.18,310.95,169972.82564977356,2019-04-17 07:00:00+00:00,2019-04-17,2019,4,17,7,0,0,2,107
392,1555488000000,310.7,310.98,306.56,308.64,214121.8213861519,2019-04-17 08:00:00+00:00,2019-04-17,2019,4,17,8,0,0,2,107
393,1555491600000,308.24,310.0,307.33,309.4,65201.19020986065,2019-04-17 09:00:00+00:00,2019-04-17,2019,4,17,9,0,0,2,107
394,1555495200000,309.31,311.1,307.06,310.41,118020.319960465,2019-04-17 10:00:00+00:00,2019-04-17,2019,4,17,10,0,0,2,107
395,1555498800000,310.2,314.0,309.07,312.43,259757.7707290855,2019-04-17 11:00:00+00:00,2019-04-17,2019,4,17,11,0,0,2,107
396,1555502400000,312.42,313.0,307.1,307.9,440530.0917206674,2019-04-17 12:00:00+00:00,2019-04-17,2019,4,17,12,0,0,2,107
397,1555506000000,307.9,309.8,307.17,307.61,173377.48947173604,2019-04-17 13:00:00+00:00,2019-04-17,2019,4,17,13,0,0,2,107
398,1555509600000,307.88,308.52,305.0,307.33,351977.49897102406,2019-04-17 14:00:00+00:00,2019-04-17,2019,4,17,14,0,0,2,107
399,1555513200000,307.33,309.65,305.53,305.84,180157.2425806517,2019-04-17 15:00:00+00:00,2019-04-17,2019,4,17,15,0,0,2,107
400,1555516800000,305.99,308.71,303.0,305.56,245281.52124501966,2019-04-17 16:00:00+00:00,2019-04-17,2019,4,17,16,0,0,2,107
401,1555520400000,305.51,307.8,304.9,305.6,157665.32302605925,2019-04-17 17:00:00+00:00,2019-04-17,2019,4,17,17,0,0,2,107
402,1555524000000,305.6,306.97,305.0,306.57,117125.51987432985,2019-04-17 18:00:00+00:00,2019-04-17,2019,4,17,18,0,0,2,107
403,1555527600000,307.39,308.28,305.58,306.69,18369.5401447573,2019-04-17 19:00:00+00:00,2019-04-17,2019,4,17,19,0,0,2,107
404,1555531200000,307.09,308.82,307.09,308.44,35182.48377645645,2019-04-17 20:00:00+00:00,2019-04-17,2019,4,17,20,0,0,2,107
405,1555534800000,308.49,310.2,307.98,309.99,69804.09889601263,2019-04-17 21:00:00+00:00,2019-04-17,2019,4,17,21,0,0,2,107
406,1555538400000,309.78,310.0,306.5,307.71,46680.00918085815,2019-04-17 22:00:00+00:00,2019-04-17,2019,4,17,22,0,0,2,107
407,1555542000000,307.71,309.17,306.43,309.17,36015.84252729935,2019-04-17 23:00:00+00:00,2019-04-17,2019,4,17,23,0,0,2,107
408,1555545600000,308.48,310.0,308.0,308.2,43686.48457698806,2019-04-18 00:00:00+00:00,2019-04-18,2019,4,18,0,0,0,3,108
409,1555549200000,307.88,312.94,307.35,310.17,528582.2252029506,2019-04-18 01:00:00+00:00,2019-04-18,2019,4,18,1,0,0,3,108
410,1555552800000,310.18,311.76,308.0,309.21,250118.24711852294,2019-04-18 02:00:00+00:00,2019-04-18,2019,4,18,2,0,0,3,108
411,1555556400000,309.39,312.0,309.12,312.0,82519.53597110535,2019-04-18 03:00:00+00:00,2019-04-18,2019,4,18,3,0,0,3,108
412,1555560000000,312.0,312.78,310.0,310.52,188722.9564670965,2019-04-18 04:00:00+00:00,2019-04-18,2019,4,18,4,0,0,3,108
413,1555563600000,310.52,311.24,308.0,308.03,242341.0123912102,2019-04-18 05:00:00+00:00,2019-04-18,2019,4,18,5,0,0,3,108
414,1555567200000,308.59,310.0,308.18,309.19,75538.75956731215,2019-04-18 06:00:00+00:00,2019-04-18,2019,4,18,6,0,0,3,108
415,1555570800000,309.11,310.29,308.89,308.9,233135.6302182871,2019-04-18 07:00:00+00:00,2019-04-18,2019,4,18,7,0,0,3,108
416,1555574400000,308.9,309.11,305.51,306.79,408003.04672305554,2019-04-18 08:00:00+00:00,2019-04-18,2019,4,18,8,0,0,3,108
417,1555578000000,306.79,307.34,305.41,306.39,126307.4792713779,2019-04-18 09:00:00+00:00,2019-04-18,2019,4,18,9,0,0,3,108
418,1555581600000,306.31,306.97,304.86,305.51,210356.8079948454,2019-04-18 10:00:00+00:00,2019-04-18,2019,4,18,10,0,0,3,108
419,1555585200000,305.57,305.88,304.4,305.15,232739.57625629843,2019-04-18 11:00:00+00:00,2019-04-18,2019,4,18,11,0,0,3,108
420,1555588800000,305.47,307.09,305.36,306.7,94574.81771688559,2019-04-18 12:00:00+00:00,2019-04-18,2019,4,18,12,0,0,3,108
421,1555592400000,306.69,306.71,305.63,306.0,172264.99407377746,2019-04-18 13:00:00+00:00,2019-04-18,2019,4,18,13,0,0,3,108
422,1555596000000,305.65,305.65,303.0,304.36,268291.8507727595,2019-04-18 14:00:00+00:00,2019-04-18,2019,4,18,14,0,0,3,108
423,1555599600000,304.51,306.96,303.69,305.06,219658.06491249654,2019-04-18 15:00:00+00:00,2019-04-18,2019,4,18,15,0,0,3,108
424,1555603200000,304.44,307.1,302.86,306.63,241063.52952114536,2019-04-18 16:00:00+00:00,2019-04-18,2019,4,18,16,0,0,3,108
425,1555606800000,306.63,307.21,305.2,305.8,85709.90067473456,2019-04-18 17:00:00+00:00,2019-04-18,2019,4,18,17,0,0,3,108
426,1555610400000,305.78,307.57,305.13,305.43,50678.6704019182,2019-04-18 18:00:00+00:00,2019-04-18,2019,4,18,18,0,0,3,108
427,1555614000000,305.79,308.0,305.59,307.83,39496.65400217015,2019-04-18 19:00:00+00:00,2019-04-18,2019,4,18,19,0,0,3,108
428,1555617600000,307.74,308.0,307.25,307.35,18906.2035035095,2019-04-18 20:00:00+00:00,2019-04-18,2019,4,18,20,0,0,3,108
429,1555621200000,307.37,308.0,306.33,306.33,29715.8603605529,2019-04-18 21:00:00+00:00,2019-04-18,2019,4,18,21,0,0,3,108
430,1555624800000,306.33,308.07,305.43,305.43,77177.87588456029,2019-04-18 22:00:00+00:00,2019-04-18,2019,4,18,22,0,0,3,108
431,1555628400000,305.29,305.58,303.9,305.15,148578.94998254054,2019-04-18 23:00:00+00:00,2019-04-18,2019,4,18,23,0,0,3,108
432,1555632000000,305.15,305.15,303.35,303.73,84515.53417737035,2019-04-19 00:00:00+00:00,2019-04-19,2019,4,19,0,0,0,4,109
433,1555635600000,303.88,303.88,291.0,294.2,1154219.0793853118,2019-04-19 01:00:00+00:00,2019-04-19,2019,4,19,1,0,0,4,109
434,1555639200000,293.95,296.35,292.33,293.36,331562.4512062246,2019-04-19 02:00:00+00:00,2019-04-19,2019,4,19,2,0,0,4,109
435,1555642800000,293.67,295.52,290.1,294.68,347386.66602311796,2019-04-19 03:00:00+00:00,2019-04-19,2019,4,19,3,0,0,4,109
436,1555646400000,294.45,296.1,294.41,295.01,80955.46758168485,2019-04-19 04:00:00+00:00,2019-04-19,2019,4,19,4,0,0,4,109
437,1555650000000,294.85,295.43,293.21,294.7,260072.1220774299,2019-04-19 05:00:00+00:00,2019-04-19,2019,4,19,5,0,0,4,109
438,1555653600000,294.99,297.67,294.99,297.05,242442.97359070965,2019-04-19 06:00:00+00:00,2019-04-19,2019,4,19,6,0,0,4,109
439,1555657200000,297.05,299.09,295.99,298.71,193904.52045816736,2019-04-19 07:00:00+00:00,2019-04-19,2019,4,19,7,0,0,4,109
440,1555660800000,298.5,298.79,295.99,298.01,144806.22637397712,2019-04-19 08:00:00+00:00,2019-04-19,2019,4,19,8,0,0,4,109
441,1555664400000,298.0,299.65,297.93,298.48,130620.33398712233,2019-04-19 09:00:00+00:00,2019-04-19,2019,4,19,9,0,0,4,109
442,1555668000000,298.38,298.5,296.0,297.57,129499.8790605708,2019-04-19 10:00:00+00:00,2019-04-19,2019,4,19,10,0,0,4,109
443,1555671600000,297.57,299.0,296.7,298.17,248037.59096897236,2019-04-19 11:00:00+00:00,2019-04-19,2019,4,19,11,0,0,4,109
444,1555675200000,297.78,298.1,296.58,297.0,255024.46810573916,2019-04-19 12:00:00+00:00,2019-04-19,2019,4,19,12,0,0,4,109
445,1555678800000,297.39,297.96,296.66,297.27,55428.4107294214,2019-04-19 13:00:00+00:00,2019-04-19,2019,4,19,13,0,0,4,109
446,1555682400000,297.25,297.78,294.26,295.98,172068.107278089,2019-04-19 14:00:00+00:00,2019-04-19,2019,4,19,14,0,0,4,109
447,1555686000000,295.93,298.53,295.87,297.5,205190.10087794505,2019-04-19 15:00:00+00:00,2019-04-19,2019,4,19,15,0,0,4,109
448,1555689600000,296.91,311.17,296.6,304.45,1041523.5201550086,2019-04-19 16:00:00+00:00,2019-04-19,2019,4,19,16,0,0,4,109
449,1555693200000,304.79,307.84,304.33,306.33,121964.86145122156,2019-04-19 17:00:00+00:00,2019-04-19,2019,4,19,17,0,0,4,109
450,1555696800000,304.73,306.33,304.25,304.25,82036.33454901206,2019-04-19 18:00:00+00:00,2019-04-19,2019,4,19,18,0,0,4,109
451,1555700400000,304.25,304.98,299.0,304.62,217496.16551114005,2019-04-19 19:00:00+00:00,2019-04-19,2019,4,19,19,0,0,4,109
452,1555704000000,304.33,306.99,302.06,302.52,33407.665803376,2019-04-19 20:00:00+00:00,2019-04-19,2019,4,19,20,0,0,4,109
453,1555707600000,302.51,303.35,301.0,301.96,101779.15363235095,2019-04-19 21:00:00+00:00,2019-04-19,2019,4,19,21,0,0,4,109
454,1555711200000,301.96,303.85,301.71,303.69,47937.3228092576,2019-04-19 22:00:00+00:00,2019-04-19,2019,4,19,22,0,0,4,109
455,1555714800000,304.0,305.88,303.0,304.69,150257.5066938748,2019-04-19 23:00:00+00:00,2019-04-19,2019,4,19,23,0,0,4,109
456,1555718400000,304.57,307.0,303.67,304.12,146649.50027308994,2019-04-20 00:00:00+00:00,2019-04-20,2019,4,20,0,0,0,5,110
457,1555722000000,303.8,307.73,303.67,306.85,201250.05899620356,2019-04-20 01:00:00+00:00,2019-04-20,2019,4,20,1,0,0,5,110
458,1555725600000,306.93,308.0,305.0,305.68,146812.6462595728,2019-04-20 02:00:00+00:00,2019-04-20,2019,4,20,2,0,0,5,110
459,1555729200000,305.35,306.0,304.2,304.2,109633.3480060944,2019-04-20 03:00:00+00:00,2019-04-20,2019,4,20,3,0,0,5,110
460,1555732800000,304.24,306.17,303.51,306.0,141210.6800183807,2019-04-20 04:00:00+00:00,2019-04-20,2019,4,20,4,0,0,5,110
461,1555736400000,305.66,305.79,303.7,305.56,134750.61202036543,2019-04-20 05:00:00+00:00,2019-04-20,2019,4,20,5,0,0,5,110
462,1555740000000,305.14,306.1,304.0,304.5,157703.9081562259,2019-04-20 06:00:00+00:00,2019-04-20,2019,4,20,6,0,0,5,110
463,1555743600000,304.67,305.68,303.8,304.67,117414.98279850635,2019-04-20 07:00:00+00:00,2019-04-20,2019,4,20,7,0,0,5,110
464,1555747200000,304.84,306.97,303.31,304.11,134714.9243972022,2019-04-20 08:00:00+00:00,2019-04-20,2019,4,20,8,0,0,5,110
465,1555750800000,304.06,304.3,302.95,303.3,71492.80403770917,2019-04-20 09:00:00+00:00,2019-04-20,2019,4,20,9,0,0,5,110
466,1555754400000,302.65,302.65,299.52,301.18,226733.5492959027,2019-04-20 10:00:00+00:00,2019-04-20,2019,4,20,10,0,0,5,110
467,1555758000000,301.19,302.3,301.18,301.18,94198.0795940389,2019-04-20 11:00:00+00:00,2019-04-20,2019,4,20,11,0,0,5,110
468,1555761600000,301.18,302.97,301.18,301.18,68717.18274142664,2019-04-20 12:00:00+00:00,2019-04-20,2019,4,20,12,0,0,5,110
469,1555765200000,301.66,301.87,300.29,300.62,98933.2649484912,2019-04-20 13:00:00+00:00,2019-04-20,2019,4,20,13,0,0,5,110
470,1555768800000,300.62,301.3,299.15,300.57,138354.17091261462,2019-04-20 14:00:00+00:00,2019-04-20,2019,4,20,14,0,0,5,110
471,1555772400000,300.55,305.0,300.3,301.4,108150.41761434305,2019-04-20 15:00:00+00:00,2019-04-20,2019,4,20,15,0,0,5,110
472,1555776000000,301.4,301.74,300.51,301.74,47345.14429920745,2019-04-20 16:00:00+00:00,2019-04-20,2019,4,20,16,0,0,5,110
473,1555779600000,300.95,301.68,299.5,299.75,58723.259368378785,2019-04-20 17:00:00+00:00,2019-04-20,2019,4,20,17,0,0,5,110
474,1555783200000,299.99,300.73,299.97,300.01,31990.72329003245,2019-04-20 18:00:00+00:00,2019-04-20,2019,4,20,18,0,0,5,110
475,1555786800000,300.01,300.25,299.6,299.75,53483.81202021025,2019-04-20 19:00:00+00:00,2019-04-20,2019,4,20,19,0,0,5,110
476,1555790400000,300.06,301.26,300.06,300.17,2747.68250625545,2019-04-20 20:00:00+00:00,2019-04-20,2019,4,20,20,0,0,5,110
477,1555794000000,300.17,300.25,292.92,295.73,158997.88167636027,2019-04-20 21:00:00+00:00,2019-04-20,2019,4,20,21,0,0,5,110
478,1555797600000,296.89,301.0,296.89,298.0,77759.39027671816,2019-04-20 22:00:00+00:00,2019-04-20,2019,4,20,22,0,0,5,110
479,1555801200000,297.78,300.0,296.89,298.34,56939.16304791015,2019-04-20 23:00:00+00:00,2019-04-20,2019,4,20,23,0,0,5,110
480,1555804800000,297.96,301.41,297.96,300.45,156942.99316346977,2019-04-21 00:00:00+00:00,2019-04-21,2019,4,21,0,0,0,6,111
481,1555808400000,300.45,301.55,298.98,299.3,77027.37926400952,2019-04-21 01:00:00+00:00,2019-04-21,2019,4,21,1,0,0,6,111
482,1555812000000,299.29,300.99,298.01,299.66,80639.479668442,2019-04-21 02:00:00+00:00,2019-04-21,2019,4,21,2,0,0,6,111
483,1555815600000,299.65,301.0,299.39,299.41,86533.45989485875,2019-04-21 03:00:00+00:00,2019-04-21,2019,4,21,3,0,0,6,111
484,1555819200000,299.24,299.94,296.75,297.6,115039.2461994564,2019-04-21 04:00:00+00:00,2019-04-21,2019,4,21,4,0,0,6,111
485,1555822800000,297.3,297.76,295.0,295.43,286505.1405971495,2019-04-21 05:00:00+00:00,2019-04-21,2019,4,21,5,0,0,6,111
486,1555826400000,295.3,296.68,295.29,296.51,46620.94275620795,2019-04-21 06:00:00+00:00,2019-04-21,2019,4,21,6,0,0,6,111
487,1555830000000,296.51,297.16,292.94,293.94,257453.57986836467,2019-04-21 07:00:00+00:00,2019-04-21,2019,4,21,7,0,0,6,111
488,1555833600000,293.99,294.65,290.05,292.3,403192.1633300793,2019-04-21 08:00:00+00:00,2019-04-21,2019,4,21,8,0,0,6,111
489,1555837200000,292.0,292.3,282.0,284.6,538606.687911964,2019-04-21 09:00:00+00:00,2019-04-21,2019,4,21,9,0,0,6,111
490,1555840800000,284.6,287.31,281.18,285.0,562970.0158132503,2019-04-21 10:00:00+00:00,2019-04-21,2019,4,21,10,0,0,6,111
491,1555844400000,285.0,286.0,282.0,282.65,238942.43114935086,2019-04-21 11:00:00+00:00,2019-04-21,2019,4,21,11,0,0,6,111
492,1555848000000,282.65,283.06,276.77,282.53,349928.26238526864,2019-04-21 12:00:00+00:00,2019-04-21,2019,4,21,12,0,0,6,111
493,1555851600000,282.68,286.06,282.53,282.68,296651.49715379596,2019-04-21 13:00:00+00:00,2019-04-21,2019,4,21,13,0,0,6,111
494,1555855200000,282.53,284.0,281.61,283.0,142039.809915347,2019-04-21 14:00:00+00:00,2019-04-21,2019,4,21,14,0,0,6,111
495,1555858800000,283.05,284.52,280.9,283.59,198626.62438181296,2019-04-21 15:00:00+00:00,2019-04-21,2019,4,21,15,0,0,6,111
496,1555862400000,283.58,284.03,280.18,280.82,111879.20687233147,2019-04-21 16:00:00+00:00,2019-04-21,2019,4,21,16,0,0,6,111
497,1555866000000,281.05,281.83,278.82,279.4,125718.97187994681,2019-04-21 17:00:00+00:00,2019-04-21,2019,4,21,17,0,0,6,111
498,1555869600000,279.62,281.8,279.61,280.77,49929.24357263915,2019-04-21 18:00:00+00:00,2019-04-21,2019,4,21,18,0,0,6,111
499,1555873200000,280.88,283.54,280.87,282.46,19781.5964788973,2019-04-21 19:00:00+00:00,2019-04-21,2019,4,21,19,0,0,6,111
500,1555876800000,283.51,284.85,283.42,283.48,37959.63209437621,2019-04-21 20:00:00+00:00,2019-04-21,2019,4,21,20,0,0,6,111
501,1555880400000,283.32,284.93,283.28,284.43,60676.9130532131,2019-04-21 21:00:00+00:00,2019-04-21,2019,4,21,21,0,0,6,111
502,1555884000000,284.08,289.7,283.86,289.28,132957.58247658523,2019-04-21 22:00:00+00:00,2019-04-21,2019,4,21,22,0,0,6,111
503,1555887600000,289.32,289.32,285.69,287.75,93902.32828454683,2019-04-21 23:00:00+00:00,2019-04-21,2019,4,21,23,0,0,6,111
504,1555891200000,287.7,293.74,287.23,292.25,171897.80362233846,2019-04-22 00:00:00+00:00,2019-04-22,2019,4,22,0,0,0,0,112
505,1555894800000,291.92,292.34,288.1,290.0,67146.0879804314,2019-04-22 01:00:00+00:00,2019-04-22,2019,4,22,1,0,0,0,112
506,1555898400000,289.7,290.0,286.01,287.32,106919.7271550206,2019-04-22 02:00:00+00:00,2019-04-22,2019,4,22,2,0,0,0,112
507,1555902000000,287.51,288.0,284.61,284.61,152010.0412212385,2019-04-22 03:00:00+00:00,2019-04-22,2019,4,22,3,0,0,0,112
508,1555905600000,284.97,287.34,284.61,286.83,89820.29029754177,2019-04-22 04:00:00+00:00,2019-04-22,2019,4,22,4,0,0,0,112
509,1555909200000,286.87,287.62,285.0,285.15,77928.6366144209,2019-04-22 05:00:00+00:00,2019-04-22,2019,4,22,5,0,0,0,112
510,1555912800000,285.22,287.0,285.22,286.37,60944.16360092765,2019-04-22 06:00:00+00:00,2019-04-22,2019,4,22,6,0,0,0,112
511,1555916400000,286.89,287.53,285.35,286.63,78437.1936145736,2019-04-22 07:00:00+00:00,2019-04-22,2019,4,22,7,0,0,0,112
512,1555920000000,286.45,293.3,286.18,291.56,430480.0184664687,2019-04-22 08:00:00+00:00,2019-04-22,2019,4,22,8,0,0,0,112
513,1555923600000,291.16,292.61,289.56,291.65,221262.06556815945,2019-04-22 09:00:00+00:00,2019-04-22,2019,4,22,9,0,0,0,112
514,1555927200000,291.58,294.96,290.0,293.9,151293.2553709131,2019-04-22 10:00:00+00:00,2019-04-22,2019,4,22,10,0,0,0,112
515,1555930800000,293.9,294.23,291.32,291.71,194628.85628808322,2019-04-22 11:00:00+00:00,2019-04-22,2019,4,22,11,0,0,0,112
516,1555934400000,291.67,292.51,290.45,290.96,103910.6634171551,2019-04-22 12:00:00+00:00,2019-04-22,2019,4,22,12,0,0,0,112
517,1555938000000,290.7,290.77,287.44,287.44,82407.8891076393,2019-04-22 13:00:00+00:00,2019-04-22,2019,4,22,13,0,0,0,112
518,1555941600000,287.44,291.15,287.0,291.0,91583.8946372574,2019-04-22 14:00:00+00:00,2019-04-22,2019,4,22,14,0,0,0,112
519,1555945200000,290.69,294.0,287.73,288.0,251505.8525494772,2019-04-22 15:00:00+00:00,2019-04-22,2019,4,22,15,0,0,0,112
520,1555948800000,288.13,289.37,286.01,287.25,154824.56956507676,2019-04-22 16:00:00+00:00,2019-04-22,2019,4,22,16,0,0,0,112
521,1555952400000,288.06,292.0,287.98,289.78,59625.4691907364,2019-04-22 17:00:00+00:00,2019-04-22,2019,4,22,17,0,0,0,112
522,1555956000000,290.52,292.0,287.71,291.27,45733.774684403,2019-04-22 18:00:00+00:00,2019-04-22,2019,4,22,18,0,0,0,112
523,1555959600000,291.59,292.93,288.84,290.98,31091.0441429453,2019-04-22 19:00:00+00:00,2019-04-22,2019,4,22,19,0,0,0,112
524,1555963200000,291.8,292.5,290.03,290.03,6418.478245768942,2019-04-22 20:00:00+00:00,2019-04-22,2019,4,22,20,0,0,0,112
525,1555966800000,290.03,292.0,289.73,291.32,62515.123969703,2019-04-22 21:00:00+00:00,2019-04-22,2019,4,22,21,0,0,0,112
526,1555970400000,291.5,294.0,291.39,294.0,184549.85043116764,2019-04-22 22:00:00+00:00,2019-04-22,2019,4,22,22,0,0,0,112
527,1555974000000,293.23,293.29,290.47,290.75,223310.9663502354,2019-04-22 23:00:00+00:00,2019-04-22,2019,4,22,23,0,0,0,112
528,1555977600000,290.7,291.09,289.0,290.12,49461.02073987685,2019-04-23 00:00:00+00:00,2019-04-23,2019,4,23,0,0,0,1,113
529,1555981200000,290.49,290.82,289.01,290.52,74811.16136299155,2019-04-23 01:00:00+00:00,2019-04-23,2019,4,23,1,0,0,1,113
530,1555984800000,290.61,292.36,290.52,291.2,97801.63977182657,2019-04-23 02:00:00+00:00,2019-04-23,2019,4,23,2,0,0,1,113
531,1555988400000,291.2,292.61,290.54,290.85,165882.75473375895,2019-04-23 03:00:00+00:00,2019-04-23,2019,4,23,3,0,0,1,113
532,1555992000000,291.2,310.29,291.2,303.0,1623075.3369084261,2019-04-23 04:00:00+00:00,2019-04-23,2019,4,23,4,0,0,1,113
533,1555995600000,303.0,306.0,302.1,303.88,402775.4020040465,2019-04-23 05:00:00+00:00,2019-04-23,2019,4,23,5,0,0,1,113
534,1555999200000,303.84,303.87,300.01,301.32,269595.81385959435,2019-04-23 06:00:00+00:00,2019-04-23,2019,4,23,6,0,0,1,113
535,1556002800000,301.32,303.38,300.53,303.26,178860.85191964876,2019-04-23 07:00:00+00:00,2019-04-23,2019,4,23,7,0,0,1,113
536,1556006400000,303.26,305.48,302.0,302.9,444499.75094339636,2019-04-23 08:00:00+00:00,2019-04-23,2019,4,23,8,0,0,1,113
537,1556010000000,302.51,302.51,300.42,301.01,220835.75739434647,2019-04-23 09:00:00+00:00,2019-04-23,2019,4,23,9,0,0,1,113
538,1556013600000,301.08,302.0,300.0,300.95,110512.04093117175,2019-04-23 10:00:00+00:00,2019-04-23,2019,4,23,10,0,0,1,113
539,1556017200000,301.2,301.2,296.53,299.45,257434.2195691181,2019-04-23 11:00:00+00:00,2019-04-23,2019,4,23,11,0,0,1,113
540,1556020800000,299.58,301.47,298.37,300.09,234008.2421567031,2019-04-23 12:00:00+00:00,2019-04-23,2019,4,23,12,0,0,1,113
541,1556024400000,300.18,301.0,298.51,299.54,117003.6800051549,2019-04-23 13:00:00+00:00,2019-04-23,2019,4,23,13,0,0,1,113
542,1556028000000,299.54,300.34,298.78,300.32,72621.60648433535,2019-04-23 14:00:00+00:00,2019-04-23,2019,4,23,14,0,0,1,113
543,1556031600000,300.33,300.33,294.81,296.35,164576.8846152625,2019-04-23 15:00:00+00:00,2019-04-23,2019,4,23,15,0,0,1,113
544,1556035200000,295.67,298.52,293.0,297.14,187836.10687462127,2019-04-23 16:00:00+00:00,2019-04-23,2019,4,23,16,0,0,1,113
545,1556038800000,297.14,298.52,295.8,297.39,95574.15096958789,2019-04-23 17:00:00+00:00,2019-04-23,2019,4,23,17,0,0,1,113
546,1556042400000,296.08,297.19,295.66,296.93,30558.51212610915,2019-04-23 18:00:00+00:00,2019-04-23,2019,4,23,18,0,0,1,113
547,1556046000000,296.6,296.6,294.98,295.51,17951.193243645062,2019-04-23 19:00:00+00:00,2019-04-23,2019,4,23,19,0,0,1,113
548,1556049600000,295.42,295.88,294.0,294.48,33484.6556891089,2019-04-23 20:00:00+00:00,2019-04-23,2019,4,23,20,0,0,1,113
549,1556053200000,294.01,294.37,292.95,294.0,51185.2148282729,2019-04-23 21:00:00+00:00,2019-04-23,2019,4,23,21,0,0,1,113
550,1556056800000,294.0,294.0,285.21,292.82,311015.0916290445,2019-04-23 22:00:00+00:00,2019-04-23,2019,4,23,22,0,0,1,113
551,1556060400000,293.08,293.26,287.0,287.0,150301.64265730346,2019-04-23 23:00:00+00:00,2019-04-23,2019,4,23,23,0,0,1,113
552,1556064000000,287.0,289.98,285.51,286.32,281367.41157264827,2019-04-24 00:00:00+00:00,2019-04-24,2019,4,24,0,0,0,2,114
553,1556067600000,286.32,286.32,276.8,282.87,517986.0005357094,2019-04-24 01:00:00+00:00,2019-04-24,2019,4,24,1,0,0,2,114
554,1556071200000,282.16,286.74,281.0,285.4,84957.33178631669,2019-04-24 02:00:00+00:00,2019-04-24,2019,4,24,2,0,0,2,114
555,1556074800000,285.69,287.5,285.18,285.18,137367.6444696965,2019-04-24 03:00:00+00:00,2019-04-24,2019,4,24,3,0,0,2,114
556,1556078400000,284.74,287.75,283.93,285.8,87234.49840029975,2019-04-24 04:00:00+00:00,2019-04-24,2019,4,24,4,0,0,2,114
557,1556082000000,285.66,286.25,283.21,285.02,152422.4423935079,2019-04-24 05:00:00+00:00,2019-04-24,2019,4,24,5,0,0,2,114
558,1556085600000,285.54,286.88,282.3,283.54,112158.58879570384,2019-04-24 06:00:00+00:00,2019-04-24,2019,4,24,6,0,0,2,114
559,1556089200000,283.54,283.82,268.02,273.82,671226.1784028963,2019-04-24 07:00:00+00:00,2019-04-24,2019,4,24,7,0,0,2,114
560,1556092800000,273.82,276.85,272.0,273.9,426900.665309409,2019-04-24 08:00:00+00:00,2019-04-24,2019,4,24,8,0,0,2,114
561,1556096400000,273.52,274.44,270.0,272.04,343993.42214519565,2019-04-24 09:00:00+00:00,2019-04-24,2019,4,24,9,0,0,2,114
562,1556100000000,272.03,273.06,267.76,269.61,1259316.674397341,2019-04-24 10:00:00+00:00,2019-04-24,2019,4,24,10,0,0,2,114
563,1556103600000,268.88,276.09,268.19,273.75,354240.39945431467,2019-04-24 11:00:00+00:00,2019-04-24,2019,4,24,11,0,0,2,114
564,1556107200000,274.16,276.73,272.73,273.24,170864.13634529753,2019-04-24 12:00:00+00:00,2019-04-24,2019,4,24,12,0,0,2,114
565,1556110800000,273.16,274.18,270.31,270.32,124033.07792101958,2019-04-24 13:00:00+00:00,2019-04-24,2019,4,24,13,0,0,2,114
566,1556114400000,270.32,274.0,269.36,273.65,113922.24733371595,2019-04-24 14:00:00+00:00,2019-04-24,2019,4,24,14,0,0,2,114
567,1556118000000,273.65,275.3,272.5,272.5,87951.3668777548,2019-04-24 15:00:00+00:00,2019-04-24,2019,4,24,15,0,0,2,114
568,1556121600000,272.6,274.66,268.0,268.07,196902.14256376255,2019-04-24 16:00:00+00:00,2019-04-24,2019,4,24,16,0,0,2,114
569,1556125200000,268.0,270.57,267.9,269.55,85128.9134942324,2019-04-24 17:00:00+00:00,2019-04-24,2019,4,24,17,0,0,2,114
570,1556128800000,269.23,270.72,267.8,268.71,46992.9558932139,2019-04-24 18:00:00+00:00,2019-04-24,2019,4,24,18,0,0,2,114
571,1556132400000,269.42,274.03,269.31,273.47,93480.3421898599,2019-04-24 19:00:00+00:00,2019-04-24,2019,4,24,19,0,0,2,114
572,1556136000000,273.22,273.28,272.36,272.36,794.61108928,2019-04-24 20:00:00+00:00,2019-04-24,2019,4,24,20,0,0,2,114
573,1556139600000,272.96,273.5,271.05,272.49,102620.02869822075,2019-04-24 21:00:00+00:00,2019-04-24,2019,4,24,21,0,0,2,114
574,1556143200000,272.45,277.83,272.39,277.83,50138.27288735548,2019-04-24 22:00:00+00:00,2019-04-24,2019,4,24,22,0,0,2,114
575,1556146800000,277.05,277.52,273.89,276.67,82729.3940883618,2019-04-24 23:00:00+00:00,2019-04-24,2019,4,24,23,0,0,2,114
576,1556150400000,276.67,279.85,276.02,278.09,169421.61453891685,2019-04-25 00:00:00+00:00,2019-04-25,2019,4,25,0,0,0,3,115
577,1556154000000,278.11,282.98,277.52,281.0,290698.2213198821,2019-04-25 01:00:00+00:00,2019-04-25,2019,4,25,1,0,0,3,115
578,1556157600000,280.82,281.24,277.68,278.0,163906.36953222644,2019-04-25 02:00:00+00:00,2019-04-25,2019,4,25,2,0,0,3,115
579,1556161200000,277.76,279.93,274.06,279.93,202442.82439455716,2019-04-25 03:00:00+00:00,2019-04-25,2019,4,25,3,0,0,3,115
580,1556164800000,278.84,281.02,277.21,277.87,179017.29406429795,2019-04-25 04:00:00+00:00,2019-04-25,2019,4,25,4,0,0,3,115
581,1556168400000,278.17,279.37,276.37,278.83,78908.50423512953,2019-04-25 05:00:00+00:00,2019-04-25,2019,4,25,5,0,0,3,115
582,1556172000000,278.43,278.43,274.1,275.6,191366.1692771017,2019-04-25 06:00:00+00:00,2019-04-25,2019,4,25,6,0,0,3,115
583,1556175600000,275.38,278.49,273.66,277.17,142540.9298324668,2019-04-25 07:00:00+00:00,2019-04-25,2019,4,25,7,0,0,3,115
584,1556179200000,277.43,278.0,275.88,276.85,185283.6069548518,2019-04-25 08:00:00+00:00,2019-04-25,2019,4,25,8,0,0,3,115
585,1556182800000,276.73,278.03,273.8,277.81,134454.104473458,2019-04-25 09:00:00+00:00,2019-04-25,2019,4,25,9,0,0,3,115
586,1556186400000,277.51,283.0,277.51,280.94,275748.0857988839,2019-04-25 10:00:00+00:00,2019-04-25,2019,4,25,10,0,0,3,115
587,1556190000000,281.19,282.16,279.0,282.16,216201.680950984,2019-04-25 11:00:00+00:00,2019-04-25,2019,4,25,11,0,0,3,115
588,1556193600000,281.9,282.0,279.56,280.72,91571.8032446577,2019-04-25 12:00:00+00:00,2019-04-25,2019,4,25,12,0,0,3,115
589,1556197200000,280.01,280.19,278.05,280.17,113563.86691451343,2019-04-25 13:00:00+00:00,2019-04-25,2019,4,25,13,0,0,3,115
590,1556200800000,279.88,279.88,276.25,278.76,86386.78996255317,2019-04-25 14:00:00+00:00,2019-04-25,2019,4,25,14,0,0,3,115
591,1556204400000,279.09,279.6,278.37,278.69,39583.78094779285,2019-04-25 15:00:00+00:00,2019-04-25,2019,4,25,15,0,0,3,115
592,1556208000000,279.18,280.58,278.45,280.48,56782.9325261285,2019-04-25 16:00:00+00:00,2019-04-25,2019,4,25,16,0,0,3,115
593,1556211600000,280.06,280.35,278.35,279.14,26634.04275241475,2019-04-25 17:00:00+00:00,2019-04-25,2019,4,25,17,0,0,3,115
594,1556215200000,279.74,280.48,279.46,279.59,14441.21162533375,2019-04-25 18:00:00+00:00,2019-04-25,2019,4,25,18,0,0,3,115
595,1556218800000,279.67,280.88,279.51,280.1,14680.74831230005,2019-04-25 19:00:00+00:00,2019-04-25,2019,4,25,19,0,0,3,115
596,1556222400000,280.0,281.61,279.79,281.32,46766.4204422539,2019-04-25 20:00:00+00:00,2019-04-25,2019,4,25,20,0,0,3,115
597,1556226000000,281.34,281.8,276.12,276.12,60685.9524047962,2019-04-25 21:00:00+00:00,2019-04-25,2019,4,25,21,0,0,3,115
598,1556229600000,276.12,276.12,266.0,270.13,743999.6261767307,2019-04-25 22:00:00+00:00,2019-04-25,2019,4,25,22,0,0,3,115
599,1556233200000,270.13,270.13,266.5,268.83,311920.6164337578,2019-04-25 23:00:00+00:00,2019-04-25,2019,4,25,23,0,0,3,115
600,1556236800000,268.55,271.61,264.75,270.0,520764.41942047526,2019-04-26 00:00:00+00:00,2019-04-26,2019,4,26,0,0,0,4,116
601,1556240400000,270.01,271.8,269.67,270.36,262655.32576933125,2019-04-26 01:00:00+00:00,2019-04-26,2019,4,26,1,0,0,4,116
602,1556244000000,270.22,281.78,270.14,274.42,549513.1166403951,2019-04-26 02:00:00+00:00,2019-04-26,2019,4,26,2,0,0,4,116
603,1556247600000,274.42,275.91,272.1,272.19,138987.32605386904,2019-04-26 03:00:00+00:00,2019-04-26,2019,4,26,3,0,0,4,116
604,1556251200000,272.29,274.59,269.58,269.6,229019.3416666318,2019-04-26 04:00:00+00:00,2019-04-26,2019,4,26,4,0,0,4,116
605,1556254800000,269.6,273.37,269.6,270.86,163315.29850080115,2019-04-26 05:00:00+00:00,2019-04-26,2019,4,26,5,0,0,4,116
606,1556258400000,270.81,271.1,267.0,268.85,125652.19879365925,2019-04-26 06:00:00+00:00,2019-04-26,2019,4,26,6,0,0,4,116
607,1556262000000,268.41,271.04,268.38,269.25,147142.29287340245,2019-04-26 07:00:00+00:00,2019-04-26,2019,4,26,7,0,0,4,116
608,1556265600000,269.25,270.56,269.13,269.7,109043.23390093497,2019-04-26 08:00:00+00:00,2019-04-26,2019,4,26,8,0,0,4,116
609,1556269200000,269.13,269.13,265.5,266.0,149355.54882696056,2019-04-26 09:00:00+00:00,2019-04-26,2019,4,26,9,0,0,4,116
610,1556272800000,266.27,270.0,266.27,267.66,46439.37863174295,2019-04-26 10:00:00+00:00,2019-04-26,2019,4,26,10,0,0,4,116
611,1556276400000,267.3,268.93,266.25,268.06,61144.02262329525,2019-04-26 11:00:00+00:00,2019-04-26,2019,4,26,11,0,0,4,116
612,1556280000000,267.37,269.45,266.63,268.03,65281.77130720535,2019-04-26 12:00:00+00:00,2019-04-26,2019,4,26,12,0,0,4,116
613,1556283600000,268.03,268.18,266.55,266.88,132821.66877116216,2019-04-26 13:00:00+00:00,2019-04-26,2019,4,26,13,0,0,4,116
614,1556287200000,267.05,268.38,266.56,267.7,32303.905453254367,2019-04-26 14:00:00+00:00,2019-04-26,2019,4,26,14,0,0,4,116
615,1556290800000,268.02,268.39,263.53,264.8,117990.6420492125,2019-04-26 15:00:00+00:00,2019-04-26,2019,4,26,15,0,0,4,116
616,1556294400000,264.5,264.5,258.0,262.87,344197.5873638412,2019-04-26 16:00:00+00:00,2019-04-26,2019,4,26,16,0,0,4,116
617,1556298000000,262.61,265.65,261.51,262.0,125555.0398115789,2019-04-26 17:00:00+00:00,2019-04-26,2019,4,26,17,0,0,4,116
618,1556301600000,262.0,263.15,261.51,261.93,67957.17684107056,2019-04-26 18:00:00+00:00,2019-04-26,2019,4,26,18,0,0,4,116
619,1556305200000,262.23,264.49,259.88,263.76,122837.69260395905,2019-04-26 19:00:00+00:00,2019-04-26,2019,4,26,19,0,0,4,116
620,1556308800000,264.62,266.75,263.75,263.92,85663.30892189546,2019-04-26 20:00:00+00:00,2019-04-26,2019,4,26,20,0,0,4,116
621,1556312400000,264.41,267.21,263.19,266.82,29250.068432671,2019-04-26 21:00:00+00:00,2019-04-26,2019,4,26,21,0,0,4,116
622,1556316000000,267.2,269.1,265.69,265.69,52367.74795307255,2019-04-26 22:00:00+00:00,2019-04-26,2019,4,26,22,0,0,4,116
623,1556319600000,265.9,267.16,263.82,266.39,63346.78038459785,2019-04-26 23:00:00+00:00,2019-04-26,2019,4,26,23,0,0,4,116
624,1556323200000,266.33,268.66,266.0,266.7,74193.44203502274,2019-04-27 00:00:00+00:00,2019-04-27,2019,4,27,0,0,0,5,117
625,1556326800000,266.62,269.5,266.45,268.22,96940.68887603044,2019-04-27 01:00:00+00:00,2019-04-27,2019,4,27,1,0,0,5,117
626,1556330400000,268.22,268.22,263.97,264.7,89052.43332021867,2019-04-27 02:00:00+00:00,2019-04-27,2019,4,27,2,0,0,5,117
627,1556334000000,264.7,266.11,263.66,264.87,50827.7918375092,2019-04-27 03:00:00+00:00,2019-04-27,2019,4,27,3,0,0,5,117
628,1556337600000,264.97,266.0,263.35,265.73,65373.35179029706,2019-04-27 04:00:00+00:00,2019-04-27,2019,4,27,4,0,0,5,117
629,1556341200000,265.73,266.76,265.51,266.52,41136.62915447071,2019-04-27 05:00:00+00:00,2019-04-27,2019,4,27,5,0,0,5,117
630,1556344800000,266.52,267.37,266.37,267.02,24687.685498489114,2019-04-27 06:00:00+00:00,2019-04-27,2019,4,27,6,0,0,5,117
631,1556348400000,266.98,266.98,265.5,266.24,33071.73463969147,2019-04-27 07:00:00+00:00,2019-04-27,2019,4,27,7,0,0,5,117
632,1556352000000,266.24,266.3,264.49,264.65,107140.6856556302,2019-04-27 08:00:00+00:00,2019-04-27,2019,4,27,8,0,0,5,117
633,1556355600000,265.08,265.44,263.5,264.7,128577.47172005198,2019-04-27 09:00:00+00:00,2019-04-27,2019,4,27,9,0,0,5,117
634,1556359200000,264.73,264.77,263.71,264.5,20202.9508801198,2019-04-27 10:00:00+00:00,2019-04-27,2019,4,27,10,0,0,5,117
635,1556362800000,264.77,265.91,264.0,264.0,65704.95873347764,2019-04-27 11:00:00+00:00,2019-04-27,2019,4,27,11,0,0,5,117
636,1556366400000,264.43,264.95,263.15,263.15,49791.12413971705,2019-04-27 12:00:00+00:00,2019-04-27,2019,4,27,12,0,0,5,117
637,1556370000000,263.0,264.5,261.34,264.36,34585.68548746277,2019-04-27 13:00:00+00:00,2019-04-27,2019,4,27,13,0,0,5,117
638,1556373600000,264.13,266.0,263.97,264.61,57778.1520928568,2019-04-27 14:00:00+00:00,2019-04-27,2019,4,27,14,0,0,5,117
639,1556377200000,264.78,265.44,264.3,264.7,14681.555994359029,2019-04-27 15:00:00+00:00,2019-04-27,2019,4,27,15,0,0,5,117
640,1556380800000,264.46,267.69,264.46,266.88,70820.4819913723,2019-04-27 16:00:00+00:00,2019-04-27,2019,4,27,16,0,0,5,117
641,1556384400000,267.16,268.95,266.38,268.95,39245.7189217078,2019-04-27 17:00:00+00:00,2019-04-27,2019,4,27,17,0,0,5,117
642,1556388000000,268.47,268.47,267.0,267.63,15741.9889939786,2019-04-27 18:00:00+00:00,2019-04-27,2019,4,27,18,0,0,5,117
643,1556391600000,267.75,268.96,267.01,267.01,26578.436252255,2019-04-27 19:00:00+00:00,2019-04-27,2019,4,27,19,0,0,5,117
644,1556395200000,267.11,267.41,265.85,266.58,17147.4436238661,2019-04-27 20:00:00+00:00,2019-04-27,2019,4,27,20,0,0,5,117
645,1556398800000,266.45,267.65,266.33,266.33,37652.5843742488,2019-04-27 21:00:00+00:00,2019-04-27,2019,4,27,21,0,0,5,117
646,1556402400000,266.44,268.0,266.44,266.81,8767.37398286555,2019-04-27 22:00:00+00:00,2019-04-27,2019,4,27,22,0,0,5,117
647,1556406000000,266.81,266.82,263.85,265.14,32997.1103931053,2019-04-27 23:00:00+00:00,2019-04-27,2019,4,27,23,0,0,5,117
648,1556409600000,264.88,266.81,264.71,266.51,64510.206257737,2019-04-28 00:00:00+00:00,2019-04-28,2019,4,28,0,0,0,6,118
649,1556413200000,266.53,266.99,265.29,265.29,31233.53066941195,2019-04-28 01:00:00+00:00,2019-04-28,2019,4,28,1,0,0,6,118
650,1556416800000,265.53,265.82,264.51,265.5,34021.45910837025,2019-04-28 02:00:00+00:00,2019-04-28,2019,4,28,2,0,0,6,118
651,1556420400000,265.5,266.81,265.0,266.35,62339.40563676075,2019-04-28 03:00:00+00:00,2019-04-28,2019,4,28,3,0,0,6,118
652,1556424000000,266.35,267.0,265.4,265.97,65853.03432395235,2019-04-28 04:00:00+00:00,2019-04-28,2019,4,28,4,0,0,6,118
653,1556427600000,265.7,265.85,265.05,265.85,25347.1107873012,2019-04-28 05:00:00+00:00,2019-04-28,2019,4,28,5,0,0,6,118
654,1556431200000,265.85,265.85,264.67,265.47,22548.10968669195,2019-04-28 06:00:00+00:00,2019-04-28,2019,4,28,6,0,0,6,118
655,1556434800000,265.46,267.05,264.77,266.99,67940.5697942625,2019-04-28 07:00:00+00:00,2019-04-28,2019,4,28,7,0,0,6,118
656,1556438400000,266.7,268.0,265.8,267.6,37889.16479969426,2019-04-28 08:00:00+00:00,2019-04-28,2019,4,28,8,0,0,6,118
657,1556442000000,267.0,267.0,266.0,266.12,27183.70030297985,2019-04-28 09:00:00+00:00,2019-04-28,2019,4,28,9,0,0,6,118
658,1556445600000,266.59,268.0,266.12,267.6,96618.12714723205,2019-04-28 10:00:00+00:00,2019-04-28,2019,4,28,10,0,0,6,118
659,1556449200000,267.6,268.62,266.85,267.9,97020.14379445,2019-04-28 11:00:00+00:00,2019-04-28,2019,4,28,11,0,0,6,118
660,1556452800000,268.0,268.3,266.27,266.81,55066.8575851585,2019-04-28 12:00:00+00:00,2019-04-28,2019,4,28,12,0,0,6,118
661,1556456400000,266.3,266.98,262.52,263.9,123681.4387405326,2019-04-28 13:00:00+00:00,2019-04-28,2019,4,28,13,0,0,6,118
662,1556460000000,263.72,265.44,263.15,263.15,112025.4814240934,2019-04-28 14:00:00+00:00,2019-04-28,2019,4,28,14,0,0,6,118
663,1556463600000,263.37,266.0,263.37,265.59,24771.68261162545,2019-04-28 15:00:00+00:00,2019-04-28,2019,4,28,15,0,0,6,118
664,1556467200000,265.35,265.35,263.88,263.9,75226.65231916154,2019-04-28 16:00:00+00:00,2019-04-28,2019,4,28,16,0,0,6,118
665,1556470800000,263.93,264.71,262.2,262.2,52109.2705838136,2019-04-28 17:00:00+00:00,2019-04-28,2019,4,28,17,0,0,6,118
666,1556474400000,262.68,262.69,255.14,256.5,217311.420078217,2019-04-28 18:00:00+00:00,2019-04-28,2019,4,28,18,0,0,6,118
667,1556478000000,256.73,258.22,251.47,253.42,125443.70014908323,2019-04-28 19:00:00+00:00,2019-04-28,2019,4,28,19,0,0,6,118
668,1556481600000,253.42,256.14,253.23,253.48,59722.33545589745,2019-04-28 20:00:00+00:00,2019-04-28,2019,4,28,20,0,0,6,118
669,1556485200000,253.47,255.4,252.28,254.87,62524.350110955,2019-04-28 21:00:00+00:00,2019-04-28,2019,4,28,21,0,0,6,118
670,1556488800000,254.56,257.53,254.56,257.53,33967.43901149945,2019-04-28 22:00:00+00:00,2019-04-28,2019,4,28,22,0,0,6,118
671,1556492400000,257.53,257.54,256.0,256.8,116306.6967137797,2019-04-28 23:00:00+00:00,2019-04-28,2019,4,28,23,0,0,6,118
672,1556496000000,256.8,256.8,255.22,255.66,27875.73177460575,2019-04-29 00:00:00+00:00,2019-04-29,2019,4,29,0,0,0,0,119
673,1556499600000,255.65,255.8,253.0,253.8,85125.51294654964,2019-04-29 01:00:00+00:00,2019-04-29,2019,4,29,1,0,0,0,119
674,1556503200000,253.81,255.48,253.53,255.01,33893.51934582615,2019-04-29 02:00:00+00:00,2019-04-29,2019,4,29,2,0,0,0,119
675,1556506800000,255.2,255.8,253.98,255.8,223603.1818123831,2019-04-29 03:00:00+00:00,2019-04-29,2019,4,29,3,0,0,0,119
676,1556510400000,256.2,256.78,255.73,256.02,62385.0545206552,2019-04-29 04:00:00+00:00,2019-04-29,2019,4,29,4,0,0,0,119
677,1556514000000,256.07,256.32,255.0,255.01,33621.57335647585,2019-04-29 05:00:00+00:00,2019-04-29,2019,4,29,5,0,0,0,119
678,1556517600000,255.01,256.14,254.0,254.49,60084.5215828736,2019-04-29 06:00:00+00:00,2019-04-29,2019,4,29,6,0,0,0,119
679,1556521200000,254.49,254.94,253.71,254.65,77004.05116243254,2019-04-29 07:00:00+00:00,2019-04-29,2019,4,29,7,0,0,0,119
680,1556524800000,254.3,254.76,253.8,254.76,18593.559900297,2019-04-29 08:00:00+00:00,2019-04-29,2019,4,29,8,0,0,0,119
681,1556528400000,254.4,254.63,249.0,251.11,192724.84200708327,2019-04-29 09:00:00+00:00,2019-04-29,2019,4,29,9,0,0,0,119
682,1556532000000,251.11,251.11,241.54,244.71,468388.7431518486,2019-04-29 10:00:00+00:00,2019-04-29,2019,4,29,10,0,0,0,119
683,1556535600000,244.22,245.55,243.66,244.69,122360.50793505688,2019-04-29 11:00:00+00:00,2019-04-29,2019,4,29,11,0,0,0,119
684,1556539200000,244.43,244.96,238.0,240.54,327018.5673381051,2019-04-29 12:00:00+00:00,2019-04-29,2019,4,29,12,0,0,0,119
685,1556542800000,240.05,240.44,236.55,240.44,308507.1524269935,2019-04-29 13:00:00+00:00,2019-04-29,2019,4,29,13,0,0,0,119
686,1556546400000,240.52,244.06,240.49,241.7,202042.444068527,2019-04-29 14:00:00+00:00,2019-04-29,2019,4,29,14,0,0,0,119
687,1556550000000,241.52,241.52,239.19,240.71,67389.46449803105,2019-04-29 15:00:00+00:00,2019-04-29,2019,4,29,15,0,0,0,119
688,1556553600000,240.2,245.3,240.2,243.27,96556.70885408063,2019-04-29 16:00:00+00:00,2019-04-29,2019,4,29,16,0,0,0,119
689,1556557200000,243.75,244.13,242.25,242.68,13726.48540100845,2019-04-29 17:00:00+00:00,2019-04-29,2019,4,29,17,0,0,0,119
690,1556560800000,242.68,242.75,241.0,242.71,54409.24223926958,2019-04-29 18:00:00+00:00,2019-04-29,2019,4,29,18,0,0,0,119
691,1556564400000,242.1,242.64,241.28,242.64,12189.99779345345,2019-04-29 19:00:00+00:00,2019-04-29,2019,4,29,19,0,0,0,119
692,1556568000000,242.34,242.34,239.0,239.8,57814.2492366043,2019-04-29 20:00:00+00:00,2019-04-29,2019,4,29,20,0,0,0,119
693,1556571600000,239.46,241.32,238.22,238.22,110042.8911874109,2019-04-29 21:00:00+00:00,2019-04-29,2019,4,29,21,0,0,0,119
694,1556575200000,238.35,239.0,232.26,234.05,262134.68583229044,2019-04-29 22:00:00+00:00,2019-04-29,2019,4,29,22,0,0,0,119
695,1556578800000,234.0,239.15,232.78,238.79,275154.54848726507,2019-04-29 23:00:00+00:00,2019-04-29,2019,4,29,23,0,0,0,119
696,1556582400000,239.0,243.67,238.5,240.62,208124.81191164465,2019-04-30 00:00:00+00:00,2019-04-30,2019,4,30,0,0,0,1,120
697,1556586000000,241.02,243.75,239.71,242.85,104898.72117771136,2019-04-30 01:00:00+00:00,2019-04-30,2019,4,30,1,0,0,1,120
698,1556589600000,243.75,245.29,240.0,242.4,148444.05431342384,2019-04-30 02:00:00+00:00,2019-04-30,2019,4,30,2,0,0,1,120
699,1556593200000,242.02,242.15,237.2,239.08,171302.50225779897,2019-04-30 03:00:00+00:00,2019-04-30,2019,4,30,3,0,0,1,120
700,1556596800000,239.09,239.33,235.0,235.95,114827.21629825616,2019-04-30 04:00:00+00:00,2019-04-30,2019,4,30,4,0,0,1,120
701,1556600400000,236.61,238.05,235.46,235.76,122247.075407086,2019-04-30 05:00:00+00:00,2019-04-30,2019,4,30,5,0,0,1,120
702,1556604000000,235.76,239.35,235.76,237.95,74776.48192837834,2019-04-30 06:00:00+00:00,2019-04-30,2019,4,30,6,0,0,1,120
703,1556607600000,237.99,240.59,237.99,238.86,157594.17312454243,2019-04-30 07:00:00+00:00,2019-04-30,2019,4,30,7,0,0,1,120
704,1556611200000,239.09,240.66,238.82,238.89,37047.22577219185,2019-04-30 08:00:00+00:00,2019-04-30,2019,4,30,8,0,0,1,120
705,1556614800000,238.97,239.41,237.7,238.53,59802.06234894035,2019-04-30 09:00:00+00:00,2019-04-30,2019,4,30,9,0,0,1,120
706,1556618400000,239.2,251.63,239.2,247.34,528043.5325764355,2019-04-30 10:00:00+00:00,2019-04-30,2019,4,30,10,0,0,1,120
707,1556622000000,247.64,252.85,247.54,252.43,201768.52091900792,2019-04-30 11:00:00+00:00,2019-04-30,2019,4,30,11,0,0,1,120
708,1556625600000,252.87,252.88,248.96,251.5,145929.66873200116,2019-04-30 12:00:00+00:00,2019-04-30,2019,4,30,12,0,0,1,120
709,1556629200000,250.89,252.88,248.57,252.2,203712.77564994656,2019-04-30 13:00:00+00:00,2019-04-30,2019,4,30,13,0,0,1,120
710,1556632800000,252.2,258.95,251.15,255.6,474345.6352948308,2019-04-30 14:00:00+00:00,2019-04-30,2019,4,30,14,0,0,1,120
711,1556636400000,255.24,255.5,253.85,255.5,100767.32180490589,2019-04-30 15:00:00+00:00,2019-04-30,2019,4,30,15,0,0,1,120
712,1556640000000,255.49,255.49,252.11,254.58,103760.27618770533,2019-04-30 16:00:00+00:00,2019-04-30,2019,4,30,16,0,0,1,120
713,1556643600000,254.6,256.28,253.65,254.24,40285.73531014165,2019-04-30 17:00:00+00:00,2019-04-30,2019,4,30,17,0,0,1,120
714,1556647200000,253.64,255.2,253.64,255.14,31500.1489761919,2019-04-30 18:00:00+00:00,2019-04-30,2019,4,30,18,0,0,1,120
715,1556650800000,254.87,255.09,253.5,253.5,39761.41183225325,2019-04-30 19:00:00+00:00,2019-04-30,2019,4,30,19,0,0,1,120
716,1556654400000,253.5,254.64,252.32,254.64,13958.555482141715,2019-04-30 20:00:00+00:00,2019-04-30,2019,4,30,20,0,0,1,120
717,1556658000000,254.95,256.61,254.71,256.6,26639.02870410595,2019-04-30 21:00:00+00:00,2019-04-30,2019,4,30,21,0,0,1,120
718,1556661600000,256.62,266.0,256.62,266.0,348559.3711076049,2019-04-30 22:00:00+00:00,2019-04-30,2019,4,30,22,0,0,1,120
719,1556665200000,266.0,267.64,262.27,267.0,246595.9503143088,2019-04-30 23:00:00+00:00,2019-04-30,2019,4,30,23,0,0,1,120
